id,ts,co2,temp,hum,clear,nir,soil_moisture,soil_temp,soil_ec,soil_ph,soil_n,soil_p,soil_k,rssi,snr,battery_v,battery_i,battery_p,charging,light_gain,light_saturated,sleep_interval_s,awake_ms
1,2026-07-21T12:39:31.870593+00:00,1065,27.8,44.7,1650,848,,,,,,,,-26.0,12.0,4.04,-92.0,-371.7,0,512,,10,6100
2,2026-07-21T12:54:31.085357+00:00,146,30.6,36.8,12346,4942,,,,,,,,-40.0,12.5,4.024,-170.3,-685.3,0,8,,900,7308
3,2026-07-21T13:09:23.938317+00:00,200,28.5,40.1,10818,4132,,,,,,,,-41.0,12.25,4.02,-167.8,-674.6,0,8,,900,7309
4,2026-07-21T13:24:24.259351+00:00,168,28.3,40.0,10901,4203,,,,,,,,-41.0,12.0,4.016,-169.1,-679.1,0,8,,900,7309
5,2026-07-21T13:39:22.192238+00:00,103,29.1,39.2,8946,3558,,,,,,,,-40.0,12.75,4.016,-167.0,-670.7,0,8,,900,7309
6,2026-07-21T13:54:23.288588+00:00,147,31.9,33.9,10511,4370,,,,,,,,-42.0,12.25,4.012,-171.6,-688.5,0,8,,900,7308
7,2026-07-21T14:09:18.374139+00:00,164,29.5,38.4,10850,4469,,,,,,,,-40.0,12.75,4.004,-167.2,-669.5,0,8,,900,7310
8,2026-07-21T14:24:14.180438+00:00,172,28.4,40.2,10177,4145,,,,,,,,-40.0,12.5,4.004,-169.1,-677.1,0,8,,900,7310
9,2026-07-21T14:54:18.377047+00:00,173,29.1,38.7,8305,3431,,,,,,,,-40.0,12.25,3.992,-170.2,-679.4,0,8,,900,7308
10,2026-07-21T15:24:23.502635+00:00,246,27.6,41.7,14550,5630,,,,,,,,-40.0,12.25,3.992,-168.0,-670.7,0,16,,900,7110
11,2026-07-21T15:39:31.044696+00:00,156,31.0,35.6,9324,3969,,,,,,,,-41.0,12.5,3.984,-172.7,-688.0,0,16,,900,7109
12,2026-07-21T15:54:29.496369+00:00,166,34.8,30.7,9818,5590,,,,,,,,-41.0,12.25,3.98,-174.7,-695.3,0,16,,900,7110
13,2026-07-21T16:09:25.417865+00:00,128,34.3,31.0,8599,4842,,,,,,,,-40.0,12.5,3.964,-281.1,-1114.3,0,16,,900,7110
14,2026-07-21T16:24:19.544836+00:00,266,30.0,37.3,15493,5024,,,,,,,,-41.0,12.75,3.976,-169.9,-675.5,0,32,,900,6907
15,2026-07-21T16:39:16.893092+00:00,206,27.5,41.3,16064,8908,,,,,,,,-39.0,12.25,3.972,-170.1,-675.6,0,32,,900,6909
16,2026-07-21T16:54:16.361608+00:00,193,28.8,39.8,13218,7485,,,,,,,,-40.0,12.75,3.968,-171.6,-680.9,0,32,,900,6907
17,2026-07-21T17:24:10.045506+00:00,234,26.8,43.4,11385,6310,,,,,,,,-42.0,12.75,3.964,-170.2,-674.7,0,32,,900,6908
18,2026-07-21T17:39:04.276647+00:00,196,25.4,46.4,10353,5309,,,,,,,,-40.0,13.0,3.96,-169.7,-672.0,0,32,,900,6909
19,2026-07-21T17:54:02.045301+00:00,206,25.1,46.3,9397,4426,,,,,,,,-40.0,12.5,3.94,-278.3,-1096.5,0,32,,900,6908
20,2026-07-21T18:08:59.033163+00:00,195,25.2,46.7,8558,3785,,,,,,,,-41.0,12.75,3.952,-169.1,-668.3,0,32,,900,6908
21,2026-07-21T18:23:55.823740+00:00,197,24.4,48.0,14611,6209,,,,,,,,-41.0,12.75,3.952,-169.8,-671.0,0,64,,900,6706
22,2026-07-21T18:38:52.190406+00:00,231,23.5,51.0,12848,5260,,,,,,,,-42.0,12.5,3.932,-287.7,-1131.2,0,64,,900,6706
23,2026-07-21T18:53:49.386841+00:00,211,23.5,51.5,10251,4071,,,,,,,,-42.0,13.0,3.928,-288.5,-1133.2,0,64,,900,6706
24,2026-07-21T19:08:46.398486+00:00,209,23.2,52.1,8739,3274,,,,,,,,-42.0,12.5,3.94,-171.0,-673.7,0,64,,900,6706
25,2026-07-21T19:23:43.525856+00:00,213,22.8,53.7,11469,3562,,,,,,,,-42.0,12.25,3.936,-167.6,-659.7,0,128,,900,6504
26,2026-07-21T19:53:38.681937+00:00,216,21.8,56.6,14258,3976,,,,,,,,-41.0,12.5,3.932,-169.0,-664.5,0,512,,900,6100
27,2026-07-21T20:08:34.880326+00:00,214,21.3,58.2,5547,1708,,,,,,,,-41.0,12.5,3.928,-168.3,-661.1,0,512,,900,6101
28,2026-07-21T20:38:29.403705+00:00,230,,,151,49,,,,,,,,-42.0,12.25,3.92,-170.4,-668.0,0,512,,900,6103
29,2026-07-21T20:48:51.140683+00:00,528,-10.6,34.9,9,0,,,,,,,,-31.0,12.75,3.916,-170.0,-665.7,0,512,,10,6100
30,2026-07-21T21:03:52.047035+00:00,384,24.4,51.1,10,0,,,,,,,,-38.0,12.75,3.916,-170.5,-667.7,0,512,,900,6101
31,2026-07-21T21:33:47.646068+00:00,438,25.0,49.7,6,0,,,,,,,,-37.0,12.25,3.908,-172.7,-674.9,0,512,,900,6101
32,2026-07-21T21:48:44.347500+00:00,502,25.0,50.3,5,0,,,,,,,,-37.0,12.5,3.904,-173.0,-675.4,0,512,,900,6100
33,2026-07-21T22:03:40.313446+00:00,528,24.9,50.5,3,0,,,,,,,,-39.0,12.0,3.904,-173.0,-675.4,0,512,,900,6099
34,2026-07-21T22:18:37.165890+00:00,562,25.1,50.4,0,0,,,,,,,,-38.0,11.75,3.9,-171.5,-668.9,0,512,,900,6101
35,2026-07-21T22:33:33.700679+00:00,586,25.1,50.4,0,0,,,,,,,,-38.0,12.25,3.896,-174.0,-677.9,0,512,,900,6101
36,2026-07-21T22:48:29.996611+00:00,584,25.0,51.0,0,0,,,,,,,,-38.0,11.25,3.896,-171.1,-666.6,0,512,,900,6100
37,2026-07-21T22:58:39.596852+00:00,606,25.0,51.6,0,0,,,,,,,,-38.0,11.5,3.888,-173.8,-675.7,0,512,,300,6101
38,2026-07-21T23:08:48.601518+00:00,598,25.0,51.7,0,0,,,,,,,,-38.0,11.5,3.888,-173.8,-675.7,0,512,,300,6101
39,2026-07-21T23:13:51.922227+00:00,580,25.0,51.7,0,0,,,,,,,,-38.0,12.0,3.868,-307.7,-1190.2,0,512,,300,6100
40,2026-07-21T23:18:55.230733+00:00,598,25.0,52.0,0,0,,,,,,,,-38.0,12.0,3.888,-174.8,-679.6,0,512,,300,6101
41,2026-07-21T23:23:58.297593+00:00,581,25.0,51.7,0,0,,,,,,,,-38.0,12.0,3.888,-174.6,-678.8,0,512,,300,6100
42,2026-07-21T23:29:01.487561+00:00,571,24.9,51.8,0,0,,,,,,,,-38.0,11.25,3.884,-173.9,-675.4,0,512,,300,6100
43,2026-07-21T23:34:04.782869+00:00,600,24.8,52.1,0,0,,,,,,,,-38.0,11.75,3.884,-174.6,-678.1,0,512,,300,6100
44,2026-07-21T23:39:07.840021+00:00,586,24.8,52.2,0,0,,,,,,,,-38.0,11.5,3.88,-172.4,-668.9,0,512,,300,6100
45,2026-07-21T23:44:10.800683+00:00,597,24.8,52.4,0,0,,,,,,,,-42.0,11.75,3.884,-171.6,-666.5,0,512,,300,6101
46,2026-07-21T23:49:14.049371+00:00,577,24.8,52.3,0,0,,,,,,,,-38.0,11.5,3.88,-174.8,-678.2,0,512,,300,6100
47,2026-07-21T23:54:17.095961+00:00,522,24.8,52.0,0,0,,,,,,,,-38.0,11.25,3.88,-171.6,-665.8,0,512,,300,6100
48,2026-07-21T23:59:20.282691+00:00,583,24.8,52.4,0,0,,,,,,,,-38.0,11.25,3.876,-174.1,-674.8,0,512,,300,6100
49,2026-07-22T00:04:23.457056+00:00,580,24.7,52.7,0,0,,,,,,,,-38.0,12.25,3.86,-281.5,-1086.6,0,512,,300,6100
50,2026-07-22T00:09:26.719706+00:00,575,24.7,52.6,0,0,,,,,,,,-38.0,12.0,3.876,-175.0,-678.3,0,512,,300,6100
51,2026-07-22T00:19:35.874497+00:00,587,24.7,52.5,0,0,,,,,,,,-38.0,12.25,3.876,-172.8,-669.8,0,512,,300,6100
52,2026-07-22T00:24:39.315546+00:00,573,24.7,52.1,0,0,,,,,,,,-38.0,11.5,3.872,-172.6,-668.3,0,512,,300,6100
53,2026-07-22T00:29:42.589078+00:00,557,24.8,52.0,0,0,,,,,,,,-38.0,11.75,3.872,-175.3,-678.8,0,512,,300,6101
54,2026-07-22T00:34:45.854705+00:00,592,24.7,52.2,0,0,,,,,,,,-38.0,12.75,3.872,-174.7,-676.4,0,512,,300,6100
55,2026-07-22T00:39:49.018468+00:00,582,24.7,52.2,0,0,,,,,,,,-38.0,12.75,3.856,-279.4,-1077.4,0,512,,300,6100
56,2026-07-22T00:44:52.183490+00:00,593,24.6,52.2,0,0,,,,,,,,-38.0,11.5,3.868,-174.7,-675.7,0,512,,300,6101
57,2026-07-22T00:49:55.337019+00:00,567,24.6,52.2,0,0,,,,,,,,-38.0,11.5,3.868,-174.3,-674.2,0,512,,300,6100
58,2026-07-22T00:54:58.690558+00:00,578,24.5,51.7,0,0,,,,,,,,-38.0,12.25,3.848,-281.4,-1082.8,0,512,,300,6101
59,2026-07-22T01:00:01.920746+00:00,570,24.5,51.7,0,0,,,,,,,,-38.0,11.5,3.864,-175.1,-676.6,0,512,,300,6101
60,2026-07-22T01:05:05.205499+00:00,572,24.4,51.8,0,0,,,,,,,,-38.0,12.5,3.864,-172.4,-666.2,0,512,,300,6101
61,2026-07-22T01:10:08.264818+00:00,539,24.3,52.0,0,0,,,,,,,,-38.0,12.0,3.832,-347.2,-1330.5,0,512,,300,6101
62,2026-07-22T01:15:11.410110+00:00,587,24.2,52.3,0,0,,,,,,,,-38.0,12.0,3.86,-175.7,-678.2,0,512,,300,6100
63,2026-07-22T01:25:21.006557+00:00,536,24.2,52.0,0,0,,,,,,,,-38.0,11.5,3.86,-174.7,-674.3,0,512,,300,6101
64,2026-07-22T01:30:24.354528+00:00,510,24.2,52.1,0,0,,,,,,,,-38.0,11.75,3.86,-175.9,-679.0,0,512,,300,6101
65,2026-07-22T01:35:27.502866+00:00,543,24.1,52.4,0,0,,,,,,,,-38.0,11.75,3.856,-173.9,-670.6,0,512,,300,6101
66,2026-07-22T01:45:36.673499+00:00,484,24.2,51.6,0,0,,,,,,,,-38.0,11.75,3.856,-173.5,-669.0,0,512,,300,6100
67,2026-07-22T02:00:51.658546+00:00,478,24.1,51.5,0,0,,,,,,,,-38.0,12.75,3.836,-279.8,-1073.3,0,512,,300,6101
68,2026-07-22T02:05:54.904372+00:00,504,24.1,51.8,0,0,,,,,,,,-37.0,12.0,3.848,-173.0,-665.7,0,512,,300,6100
69,2026-07-22T02:10:58.061810+00:00,488,24.1,51.9,0,0,,,,,,,,-38.0,11.25,3.848,-172.3,-663.0,0,512,,300,6100
70,2026-07-22T02:16:01.237155+00:00,489,24.0,52.1,0,0,,,,,,,,-38.0,11.5,3.832,-283.0,-1084.5,0,512,,300,6100
71,2026-07-22T02:21:04.721013+00:00,462,24.0,52.0,0,0,,,,,,,,-38.0,11.25,3.848,-172.3,-663.0,0,512,,300,6100
72,2026-07-22T02:26:07.894198+00:00,487,24.0,51.9,0,0,,,,,,,,-38.0,11.5,3.844,-174.8,-671.9,0,512,,300,6101
73,2026-07-22T02:31:11.136246+00:00,472,24.0,51.8,0,0,,,,,,,,-38.0,11.5,3.844,-172.6,-663.5,0,512,,300,6101
74,2026-07-22T02:36:14.288614+00:00,486,24.0,51.7,0,0,,,,,,,,-38.0,11.25,3.844,-175.5,-674.6,0,512,,300,6100
75,2026-07-22T02:41:17.821024+00:00,481,24.0,51.7,0,0,,,,,,,,-38.0,11.75,3.84,-174.6,-670.5,0,512,,300,6100
76,2026-07-22T02:46:20.949041+00:00,498,23.9,51.8,0,0,,,,,,,,-38.0,12.25,3.844,-173.9,-668.5,0,512,,300,6101
77,2026-07-22T02:51:23.950854+00:00,520,23.9,52.0,0,0,,,,,,,,-38.0,12.0,3.84,-176.7,-678.5,0,512,,300,6100
78,2026-07-22T02:56:27.037807+00:00,520,23.8,52.1,0,0,,,,,,,,-37.0,12.0,3.84,-174.6,-670.5,0,512,,300,6100
79,2026-07-22T03:01:30.092275+00:00,580,23.8,52.3,0,0,,,,,,,,-37.0,12.25,3.82,-288.6,-1102.5,0,512,,300,6101
80,2026-07-22T03:11:39.073510+00:00,494,23.8,52.3,0,0,,,,,,,,-37.0,12.75,3.84,-174.8,-671.2,0,512,,300,6100
81,2026-07-22T03:16:42.207766+00:00,472,23.8,52.4,0,0,,,,,,,,-38.0,12.0,3.836,-175.2,-672.1,0,512,,300,6101
82,2026-07-22T03:21:45.266187+00:00,480,23.8,52.7,0,0,,,,,,,,-38.0,11.5,3.836,-174.7,-670.1,0,512,,300,6100
83,2026-07-22T03:26:48.375440+00:00,506,23.7,52.9,0,0,,,,,,,,-38.0,11.75,3.832,-173.0,-662.9,0,512,,300,6100
84,2026-07-22T03:31:51.383424+00:00,510,23.6,53.0,0,0,,,,,,,,-38.0,12.25,3.816,-281.7,-1075.0,0,512,,300,6101
85,2026-07-22T03:36:54.708246+00:00,464,23.6,52.8,0,0,,,,,,,,-38.0,11.5,3.832,-172.9,-662.6,0,512,,300,6100
86,2026-07-22T03:41:58.010075+00:00,457,23.6,52.7,0,0,,,,,,,,-38.0,12.0,3.828,-172.8,-661.5,0,512,,300,6101
87,2026-07-22T03:52:07.132124+00:00,482,23.7,52.7,0,0,,,,,,,,-38.0,11.5,3.828,-174.5,-668.0,0,512,,300,6101
88,2026-07-22T03:57:10.204685+00:00,476,23.6,52.8,0,0,,,,,,,,-37.0,12.25,3.824,-176.8,-676.1,0,512,,300,6100
89,2026-07-22T04:02:13.352589+00:00,470,23.6,52.7,0,0,,,,,,,,-38.0,12.0,3.824,-175.9,-672.6,0,512,,300,6100
90,2026-07-22T04:07:16.609210+00:00,462,23.6,52.8,1,0,,,,,,,,-38.0,12.25,3.82,-177.4,-677.7,0,512,,300,6101
91,2026-07-22T04:12:19.671250+00:00,461,23.6,52.7,2,0,,,,,,,,-37.0,12.25,3.82,-175.3,-669.6,0,512,,300,6100
92,2026-07-22T04:17:22.958738+00:00,460,23.6,52.5,4,0,,,,,,,,-37.0,11.5,3.82,-173.8,-663.9,0,512,,300,6100
93,2026-07-22T04:22:25.888102+00:00,439,23.6,52.9,6,0,,,,,,,,-38.0,12.75,3.796,-354.2,-1344.5,0,512,,300,6100
94,2026-07-22T04:32:35.221163+00:00,457,23.6,52.6,11,0,,,,,,,,-38.0,12.75,3.816,-176.9,-675.1,0,512,,300,6101
95,2026-07-22T04:37:38.394858+00:00,471,23.6,52.7,13,0,,,,,,,,-37.0,12.75,3.816,-176.1,-672.0,0,512,,300,6101
96,2026-07-22T04:38:44.185030+00:00,475,23.6,52.7,15,3,,,,,,,,-38.0,12.25,3.82,-176.0,-672.3,0,512,,60,6101
97,2026-07-22T04:39:49.955209+00:00,471,23.6,52.7,16,3,,,,,,,,-38.0,12.25,3.82,-173.6,-663.2,0,512,,60,6101
98,2026-07-22T04:40:55.708240+00:00,481,23.6,52.7,17,3,,,,,,,,-38.0,12.75,3.796,-288.8,-1096.3,0,512,,60,6101
99,2026-07-22T04:42:01.437441+00:00,455,23.6,52.7,17,3,,,,,,,,-38.0,12.75,3.816,-176.2,-672.4,0,512,,60,6100
100,2026-07-22T04:43:07.184045+00:00,477,23.6,52.7,19,3,,,,,,,,-37.0,11.25,3.816,-175.1,-668.2,0,512,,60,6100
101,2026-07-22T04:44:12.885731+00:00,472,23.6,52.7,20,3,,,,,,,,-38.0,12.25,3.82,-175.2,-669.3,0,512,,60,6103
102,2026-07-22T04:49:53.267777+00:00,473,23.6,52.7,24,6,,,,,,,,-38.0,12.0,3.812,-176.6,-673.2,0,512,,60,6100
103,2026-07-22T04:50:59.006855+00:00,501,23.6,52.7,24,6,,,,,,,,-38.0,12.0,3.812,-174.1,-663.7,0,512,,60,6101
104,2026-07-22T04:52:04.758608+00:00,502,23.6,52.8,25,6,,,,,,,,-38.0,11.25,3.812,-177.5,-676.6,0,512,,60,6100
105,2026-07-22T04:53:10.494075+00:00,508,23.6,52.7,27,6,,,,,,,,-38.0,11.25,3.812,-174.9,-666.7,0,512,,60,6101
106,2026-07-22T04:54:16.256274+00:00,513,23.6,52.7,29,6,,,,,,,,-38.0,11.75,3.812,-174.8,-666.3,0,512,,60,6100
107,2026-07-22T04:55:22.017899+00:00,503,23.6,52.8,30,9,,,,,,,,-38.0,11.5,3.812,-174.1,-663.7,0,512,,60,6100
108,2026-07-22T04:56:27.770850+00:00,509,23.6,52.7,31,9,,,,,,,,-38.0,12.0,3.812,-178.3,-679.7,0,512,,60,6100
109,2026-07-22T04:57:33.515852+00:00,517,23.6,52.7,31,9,,,,,,,,-38.0,11.75,3.796,-285.9,-1085.3,0,512,,60,6100
110,2026-07-22T04:58:39.264404+00:00,498,23.6,52.8,31,9,,,,,,,,-38.0,12.0,3.788,-338.3,-1281.5,0,512,,60,6100
111,2026-07-22T04:59:45.008692+00:00,502,23.6,52.7,30,9,,,,,,,,-38.0,11.75,3.808,-176.5,-672.1,0,512,,60,6100
112,2026-07-22T05:00:50.823183+00:00,513,23.6,52.7,30,6,,,,,,,,-38.0,12.0,3.812,-175.5,-669.0,0,512,,60,6101
113,2026-07-22T05:01:56.604595+00:00,515,23.6,52.7,29,6,,,,,,,,-38.0,11.75,3.808,-175.9,-669.8,0,512,,60,6100
114,2026-07-22T05:03:02.357878+00:00,522,23.6,52.8,29,6,,,,,,,,-38.0,11.5,3.812,-174.3,-664.4,0,512,,60,6100
115,2026-07-22T05:04:08.104017+00:00,523,23.6,52.7,31,6,,,,,,,,-38.0,11.5,3.808,-176.9,-673.6,0,512,,60,6101
116,2026-07-22T05:05:13.885586+00:00,521,23.6,52.7,32,6,,,,,,,,-38.0,12.0,3.808,-177.3,-675.2,0,512,,60,6099
117,2026-07-22T05:06:19.667208+00:00,520,23.6,52.8,33,9,,,,,,,,-38.0,11.75,3.808,-174.5,-664.5,0,512,,60,6100
118,2026-07-22T05:07:25.444448+00:00,517,23.6,52.7,33,10,,,,,,,,-38.0,11.75,3.796,-285.5,-1083.8,0,512,,60,6100
119,2026-07-22T05:08:31.199595+00:00,498,23.6,52.7,36,9,,,,,,,,-40.0,12.0,3.792,-313.5,-1188.8,0,512,,60,6100
120,2026-07-22T05:09:36.990501+00:00,503,23.6,52.7,37,9,,,,,,,,-38.0,11.75,3.808,-176.6,-672.5,0,512,,60,6101
121,2026-07-22T05:10:42.721707+00:00,525,23.6,52.7,38,9,,,,,,,,-38.0,11.5,3.808,-175.3,-667.5,0,512,,60,6100
122,2026-07-22T05:11:48.490830+00:00,532,23.6,52.8,39,9,,,,,,,,-38.0,11.5,3.808,-175.5,-668.3,0,512,,60,6101
123,2026-07-22T05:12:54.280149+00:00,520,23.6,52.8,40,12,,,,,,,,-38.0,12.0,3.812,-177.7,-677.4,0,512,,60,6100
124,2026-07-22T05:14:00.032113+00:00,508,23.6,52.8,45,15,,,,,,,,-38.0,11.75,3.808,-176.0,-670.2,0,512,,60,6100
125,2026-07-22T05:15:05.807731+00:00,500,23.6,52.8,46,15,,,,,,,,-38.0,12.5,3.808,-177.5,-675.9,0,512,,60,6100
126,2026-07-22T05:16:11.546785+00:00,493,23.6,52.8,43,12,,,,,,,,-37.0,12.0,3.808,-174.1,-663.0,0,512,,60,6101
127,2026-07-22T05:17:17.310924+00:00,494,23.6,52.9,47,15,,,,,,,,-38.0,12.25,3.788,-285.5,-1081.5,0,512,,60,6100
128,2026-07-22T05:18:23.051845+00:00,478,23.6,52.8,49,16,,,,,,,,-38.0,12.5,3.784,-340.0,-1286.6,0,512,,60,6101
129,2026-07-22T05:19:28.804684+00:00,488,23.6,52.8,54,20,,,,,,,,-38.0,12.75,3.808,-178.4,-679.3,0,512,,60,6101
130,2026-07-22T05:20:34.570050+00:00,500,23.6,52.8,57,22,,,,,,,,-38.0,12.25,3.804,-178.1,-677.5,0,512,,60,6101
131,2026-07-22T05:21:40.331481+00:00,507,23.6,52.7,59,22,,,,,,,,-38.0,12.75,3.804,-176.3,-670.6,0,512,,60,6100
132,2026-07-22T05:22:46.101900+00:00,517,23.6,52.8,62,22,,,,,,,,-38.0,12.0,3.808,-176.8,-673.3,0,512,,60,6100
133,2026-07-22T05:23:51.850364+00:00,535,23.6,52.9,60,21,,,,,,,,-38.0,12.5,3.808,-176.7,-672.9,0,512,,60,6100
134,2026-07-22T05:24:57.636954+00:00,511,23.6,52.9,56,18,,,,,,,,-38.0,12.0,3.808,-175.3,-667.5,0,512,,60,6101
135,2026-07-22T05:26:03.408586+00:00,553,23.6,53.0,60,19,,,,,,,,-38.0,12.0,3.804,-178.1,-677.5,0,512,,60,6101
136,2026-07-22T05:27:09.192628+00:00,540,23.6,52.9,76,31,,,,,,,,-38.0,12.5,3.792,-288.0,-1092.1,0,512,,60,6101
137,2026-07-22T05:28:14.955779+00:00,499,23.6,52.9,78,30,,,,,,,,-38.0,12.25,3.784,-305.0,-1154.1,0,512,,60,6100
138,2026-07-22T05:29:20.740951+00:00,475,23.5,53.0,71,26,,,,,,,,-38.0,12.5,3.804,-174.3,-663.0,0,512,,60,6100
139,2026-07-22T05:30:26.495414+00:00,507,23.6,53.0,70,25,,,,,,,,-38.0,12.75,3.808,-177.9,-677.4,0,512,,60,6100
140,2026-07-22T05:31:32.284185+00:00,510,23.6,53.1,72,25,,,,,,,,-40.0,12.75,3.804,-176.5,-671.4,0,512,,60,6100
141,2026-07-22T05:32:38.075282+00:00,522,23.5,53.1,74,27,,,,,,,,-38.0,12.0,3.8,-176.7,-671.5,0,512,,60,6100
142,2026-07-22T05:33:43.801485+00:00,518,23.5,53.0,81,31,,,,,,,,-38.0,12.5,3.804,-174.5,-663.8,0,512,,60,6101
143,2026-07-22T05:34:49.597171+00:00,512,23.6,53.0,96,41,,,,,,,,-40.0,12.75,3.804,-175.8,-668.7,0,512,,60,6100
144,2026-07-22T05:35:55.336326+00:00,503,23.6,53.0,102,45,,,,,,,,-38.0,11.75,3.804,-178.4,-678.6,0,512,,60,6100
145,2026-07-22T05:37:01.073631+00:00,498,23.5,53.1,114,54,,,,,,,,-38.0,12.5,3.804,-178.6,-679.4,0,512,,60,6100
146,2026-07-22T05:38:06.824833+00:00,478,23.6,53.1,115,55,,,,,,,,-38.0,12.75,3.788,-295.8,-1120.5,0,512,,60,6100
147,2026-07-22T05:39:12.577761+00:00,460,23.6,53.1,117,53,,,,,,,,-38.0,12.5,3.8,-175.5,-666.9,0,512,,60,6100
148,2026-07-22T05:40:18.336857+00:00,507,23.6,53.2,124,58,,,,,,,,-38.0,12.25,3.804,-177.6,-675.6,0,512,,60,6100
149,2026-07-22T05:41:24.115558+00:00,497,23.6,53.0,123,57,,,,,,,,-38.0,12.75,3.8,-177.0,-672.6,0,512,,60,6101
150,2026-07-22T05:42:29.932431+00:00,505,23.6,53.2,99,38,,,,,,,,-38.0,12.75,3.804,-175.6,-668.0,0,512,,60,6101
151,2026-07-22T05:43:35.646317+00:00,512,23.6,53.1,139,66,,,,,,,,-38.0,12.25,3.8,-177.9,-676.0,0,512,,60,6101
152,2026-07-22T05:44:41.374125+00:00,508,23.6,53.1,141,67,,,,,,,,-38.0,12.0,3.8,-178.4,-677.9,0,512,,60,6101
153,2026-07-22T05:45:47.148384+00:00,523,23.6,53.1,142,67,,,,,,,,-38.0,12.75,3.8,-176.6,-671.1,0,512,,60,6100
154,2026-07-22T05:46:52.886074+00:00,524,23.6,53.1,143,69,,,,,,,,-38.0,12.0,3.784,-286.6,-1084.5,0,512,,60,6100
155,2026-07-22T05:47:58.644649+00:00,510,23.6,53.2,146,68,,,,,,,,-38.0,12.0,3.784,-301.6,-1141.3,0,512,,60,6101
156,2026-07-22T05:49:04.423005+00:00,500,23.5,53.1,148,67,,,,,,,,-38.0,12.5,3.8,-175.8,-668.0,0,512,,60,6100
157,2026-07-22T05:50:10.212840+00:00,531,23.6,53.1,144,65,,,,,,,,-38.0,12.25,3.8,-174.6,-663.5,0,512,,60,6100
158,2026-07-22T05:51:15.934366+00:00,546,23.6,53.2,149,68,,,,,,,,-38.0,12.0,3.8,-174.6,-663.5,0,512,,60,6101
159,2026-07-22T05:52:21.681309+00:00,535,23.6,53.2,153,69,,,,,,,,-38.0,12.5,3.8,-176.2,-669.6,0,512,,60,6100
160,2026-07-22T05:53:27.426814+00:00,543,23.6,53.1,156,71,,,,,,,,-38.0,12.0,3.796,-175.0,-664.3,0,512,,60,6100
161,2026-07-22T05:54:33.180141+00:00,527,23.6,53.2,150,67,,,,,,,,-40.0,12.75,3.796,-176.6,-670.4,0,512,,60,6100
162,2026-07-22T05:55:38.901270+00:00,529,23.6,53.2,162,76,,,,,,,,-38.0,12.5,3.796,-178.8,-678.7,0,512,,60,6100
163,2026-07-22T05:56:44.649765+00:00,530,23.6,53.3,164,74,,,,,,,,-38.0,12.0,3.784,-285.6,-1080.7,0,512,,60,6100
164,2026-07-22T05:57:50.406191+00:00,507,23.6,53.2,168,76,,,,,,,,-38.0,11.75,3.776,-338.5,-1278.2,0,512,,60,6100
165,2026-07-22T05:58:56.198612+00:00,511,23.6,53.2,176,81,,,,,,,,-38.0,12.75,3.796,-176.0,-668.1,0,512,,60,6099
166,2026-07-22T06:00:01.973523+00:00,542,23.6,53.2,177,82,,,,,,,,-38.0,12.75,3.796,-177.1,-672.3,0,512,,60,6100
167,2026-07-22T06:01:07.763987+00:00,536,23.6,53.3,168,75,,,,,,,,-38.0,12.5,3.796,-174.9,-663.9,0,512,,60,6100
168,2026-07-22T06:02:13.537460+00:00,555,23.6,53.1,167,73,,,,,,,,-39.0,11.75,3.796,-176.9,-671.5,0,512,,60,6100
169,2026-07-22T06:03:19.323863+00:00,617,23.6,53.3,161,71,,,,,,,,-37.0,12.5,3.796,-174.8,-663.5,0,512,,60,6102
170,2026-07-22T06:04:25.069360+00:00,616,23.6,53.6,128,49,,,,,,,,-37.0,13.0,3.796,-175.7,-667.0,0,512,,60,6101
171,2026-07-22T06:05:30.874300+00:00,621,23.6,53.5,128,51,,,,,,,,-38.0,12.75,3.796,-174.9,-663.9,0,512,,60,6101
172,2026-07-22T06:06:36.641489+00:00,587,23.6,53.6,126,49,,,,,,,,-37.0,11.5,3.796,-176.7,-670.8,0,512,,60,6100
173,2026-07-22T06:07:42.329562+00:00,587,23.5,53.6,1142,463,,,,,,,,-36.0,12.25,3.776,-300.3,-1133.9,0,512,,60,6100
174,2026-07-22T06:08:48.112893+00:00,489,23.5,53.7,1103,446,,,,,,,,-35.0,11.5,3.796,-175.0,-664.3,0,512,,60,6100
175,2026-07-22T06:09:53.892944+00:00,493,23.5,53.8,1060,423,,,,,,,,-37.0,12.25,3.792,-178.1,-675.4,0,512,,60,6100
176,2026-07-22T06:10:59.728399+00:00,484,23.5,53.8,1024,408,,,,,,,,-37.0,12.75,3.792,-177.0,-671.2,0,512,,60,6101
177,2026-07-22T06:12:05.486115+00:00,488,23.5,53.9,995,391,,,,,,,,-38.0,12.25,3.796,-178.4,-677.2,0,512,,60,6100
178,2026-07-22T06:13:11.239434+00:00,492,23.4,54.0,992,391,,,,,,,,-37.0,12.25,3.796,-178.6,-678.0,0,512,,60,6099
179,2026-07-22T06:14:17.034001+00:00,495,23.4,54.1,989,386,,,,,,,,-37.0,12.5,3.792,-177.7,-673.8,0,512,,60,6100
180,2026-07-22T06:15:22.773364+00:00,466,23.3,54.1,1232,508,,,,,,,,-37.0,11.75,3.788,-178.1,-674.6,0,512,,60,6100
181,2026-07-22T06:16:28.528002+00:00,459,23.3,54.2,1123,443,,,,,,,,-38.0,12.25,3.792,-177.5,-673.1,0,512,,60,6101
182,2026-07-22T06:17:34.290095+00:00,457,23.3,54.4,1822,824,,,,,,,,-37.0,12.75,3.78,-287.5,-1086.7,0,512,,60,6100
183,2026-07-22T06:18:40.057805+00:00,432,23.3,54.3,1508,633,,,,,,,,-36.0,13.25,3.772,-319.1,-1203.6,0,512,,60,6100
184,2026-07-22T06:19:45.809939+00:00,437,23.3,54.2,1329,538,,,,,,,,-36.0,12.75,3.792,-176.7,-670.0,0,512,,60,6101
185,2026-07-22T06:20:51.529368+00:00,438,23.4,54.2,1268,510,,,,,,,,-36.0,11.5,3.792,-176.6,-669.7,0,512,,60,6101
186,2026-07-22T06:21:57.282063+00:00,437,23.3,54.2,1219,488,,,,,,,,-36.0,11.75,3.792,-176.2,-668.2,0,512,,60,6100
187,2026-07-22T06:23:03.039873+00:00,421,23.3,54.1,1146,455,,,,,,,,-36.0,12.0,3.792,-174.6,-662.1,0,512,,60,6100
188,2026-07-22T06:24:08.792350+00:00,401,23.4,54.1,1097,433,,,,,,,,-36.0,12.25,3.792,-177.8,-674.2,0,512,,60,6100
189,2026-07-22T06:25:15.344076+00:00,702,23.1,56.2,11345,2829,,,,,,,,-40.0,12.5,3.792,-178.8,-678.0,0,32,,60,6908
190,2026-07-22T06:26:21.814429+00:00,421,21.1,60.5,11481,2924,,,,,,,,-39.0,12.25,3.792,-177.9,-674.6,0,32,,60,6909
191,2026-07-22T06:27:28.362561+00:00,318,,,11112,2848,,,,,,,,-40.0,13.25,3.792,-177.6,-673.5,0,32,,60,6909
192,2026-07-22T06:28:34.875436+00:00,281,,,11530,3096,,,,,,,,-40.0,12.75,3.788,-174.5,-661.0,0,32,,60,6914
193,2026-07-22T06:29:41.402878+00:00,305,,,14315,4198,,,,,,,,-40.0,12.5,3.788,-174.6,-661.4,0,32,,60,6917
194,2026-07-22T06:30:48.190738+00:00,282,-9.5,33.7,8768,2743,,,,,,,,-42.0,12.5,3.788,-175.3,-664.0,0,16,,60,7118
195,2026-07-22T06:31:54.943457+00:00,269,,,9104,3059,,,,,,,,-41.0,12.0,3.788,-176.1,-667.1,0,16,,60,7116
196,2026-07-22T06:43:27.589183+00:00,191,20.7,63.0,16020,4681,,,,,,,,-41.0,12.5,3.784,-179.5,-679.2,0,32,,60,6910
197,2026-07-22T06:44:34.234929+00:00,203,21.2,61.3,15616,4478,,,,,,,,-40.0,12.75,3.784,-179.8,-680.4,0,32,,60,6908
198,2026-07-22T06:50:18.985857+00:00,199,21.5,58.8,8511,2436,,,,,,,,-40.0,12.25,3.784,-180.7,-683.8,0,16,,60,7109
199,2026-07-22T06:51:25.748802+00:00,207,22.1,59.4,8703,2483,,,,,,,,-42.0,12.25,3.78,-178.8,-675.9,0,16,,60,7110
200,2026-07-22T06:52:32.518969+00:00,177,22.1,57.3,8218,2265,,,,,,,,-41.0,12.25,3.764,-308.8,-1162.3,0,16,,60,7111
201,2026-07-22T06:53:38.963631+00:00,216,21.4,58.6,15717,4434,,,,,,,,-40.0,12.5,3.784,-178.1,-673.9,0,32,,60,6908
202,2026-07-22T06:54:45.741795+00:00,227,21.1,59.6,8321,2483,,,,,,,,-40.0,12.25,3.784,-181.5,-686.8,0,16,,60,7109
203,2026-07-22T06:55:52.478679+00:00,222,21.1,59.8,9461,2933,,,,,,,,-40.0,12.75,3.768,-293.7,-1106.7,0,16,,60,7110
204,2026-07-22T06:56:59.320882+00:00,190,21.7,57.9,10076,3082,,,,,,,,-40.0,11.75,3.78,-180.4,-681.9,0,16,,60,7112
205,2026-07-22T06:58:06.074612+00:00,200,21.8,58.2,9630,2813,,,,,,,,-40.0,13.0,3.784,-179.2,-678.1,0,16,,60,7109
206,2026-07-22T06:59:12.744070+00:00,200,21.2,59.1,8549,2432,,,,,,,,-42.0,12.0,3.784,-176.6,-668.3,0,16,,60,7111
207,2026-07-22T07:00:19.241675+00:00,236,,,14855,4014,,,,,,,,-40.0,12.75,3.78,-176.0,-665.3,0,32,,60,6977
208,2026-07-22T07:01:25.769282+00:00,251,,,13355,3323,,,,,,,,-40.0,12.25,3.78,-177.8,-672.1,0,32,,60,6910
209,2026-07-22T07:02:32.363097+00:00,197,10.0,30.9,12963,3253,,,,,,,,-40.0,12.75,3.784,-176.0,-666.0,0,32,,60,6909
210,2026-07-22T07:03:39.018516+00:00,200,,,12488,2842,,,,,,,,-40.0,12.75,3.78,-178.8,-675.9,0,32,,60,6977
211,2026-07-22T07:04:45.578244+00:00,205,21.2,60.2,12272,2871,,,,,,,,-40.0,13.0,3.78,-181.1,-684.6,0,32,,60,6907
212,2026-07-22T07:05:52.226085+00:00,230,21.4,59.1,11873,2654,,,,,,,,-39.0,12.5,3.78,-180.2,-681.2,0,32,,60,6908
213,2026-07-22T07:06:58.725956+00:00,219,21.2,59.5,11938,2714,,,,,,,,-41.0,12.0,3.78,-177.2,-669.8,0,32,,60,6908
214,2026-07-22T07:08:05.242353+00:00,261,20.8,59.9,12572,2907,,,,,,,,-40.0,12.75,3.776,-179.1,-676.3,0,32,,60,6909
215,2026-07-22T07:08:59.438680+00:00,213,,,,,,,,,,,,-47.0,12.5,,,,,,,,
216,2026-07-22T07:10:06.207994+00:00,216,22.5,56.1,15603,5116,,,,,,,,-46.0,12.25,3.776,-178.5,-674.0,0,16,,60,7110
217,2026-07-22T07:21:40.286887+00:00,202,28.0,42.8,13338,3672,,,,,,,,-55.0,12.5,3.78,-181.3,-685.3,0,16,,60,7109
218,2026-07-22T07:22:47.062828+00:00,179,27.9,42.8,12715,3327,,,,,,,,-46.0,12.0,3.76,-315.1,-1184.8,0,16,,60,7108
219,2026-07-22T07:28:32.523222+00:00,233,27.9,42.5,11955,3130,,,,,,,,-48.0,12.5,3.776,-179.7,-678.5,0,16,,60,7110
220,2026-07-22T07:29:39.305928+00:00,227,27.6,43.1,12158,3121,,,,,,,,-46.0,12.25,3.776,-179.1,-676.3,0,16,,60,7110
221,2026-07-22T07:30:46.093255+00:00,206,26.6,45.0,12321,3081,,,,,,,,-46.0,12.25,3.776,-182.2,-688.0,0,16,,60,7111
222,2026-07-22T07:31:52.814683+00:00,199,26.4,45.8,12522,3163,,,,,,,,-46.0,11.5,3.76,-297.0,-1116.7,0,16,,60,7109
223,2026-07-22T07:32:59.682745+00:00,168,27.8,43.6,12701,3246,,,,,,,,-46.0,12.5,3.776,-180.9,-683.1,0,16,,60,7110
224,2026-07-22T07:34:06.433876+00:00,221,27.5,43.4,12754,3175,,,,,,,,-47.0,12.5,3.772,-180.7,-681.6,0,16,,60,7110
225,2026-07-22T07:35:13.246432+00:00,223,27.5,44.2,12941,3331,,,,,,,,-47.0,12.5,3.776,-182.5,-689.1,0,16,,60,7110
226,2026-07-22T07:35:50.381857+00:00,188,28.5,41.9,13062,3370,,,,,,,,-44.0,12.5,3.776,-181.8,-686.5,0,16,,30,7109
227,2026-07-22T07:36:27.495987+00:00,151,28.7,41.4,13095,3373,,,,,,,,-46.0,12.5,3.78,-179.9,-680.0,0,16,,30,7110
228,2026-07-22T07:37:04.555717+00:00,255,28.3,42.2,13168,3391,,,,,,,,-45.0,12.0,3.748,-377.2,-1413.7,0,16,,30,7110
229,2026-07-22T07:37:41.648535+00:00,218,28.3,42.3,13179,3386,,,,,,,,-46.0,12.25,3.776,-180.5,-681.6,0,16,,30,7109
230,2026-07-22T07:38:18.758617+00:00,202,28.5,41.6,13144,3369,,,,,,,,-48.0,12.0,3.756,-298.6,-1121.5,0,16,,30,7109
231,2026-07-22T07:38:55.846892+00:00,227,28.7,41.5,13010,3333,,,,,,,,-46.0,12.5,3.776,-184.2,-695.5,0,16,,30,7109
232,2026-07-22T07:39:32.948843+00:00,187,29.1,41.1,12907,3321,,,,,,,,-46.0,12.25,3.772,-180.3,-680.1,0,16,,30,7109
233,2026-07-22T07:40:10.022397+00:00,260,28.9,40.8,12896,3315,,,,,,,,-44.0,12.25,3.776,-184.2,-695.5,0,16,,30,7109
234,2026-07-22T07:40:47.099336+00:00,234,29.0,41.0,12934,3324,,,,,,,,-46.0,12.0,3.772,-184.5,-695.9,0,16,,30,7109
235,2026-07-22T07:41:24.142805+00:00,213,28.7,41.6,13002,3297,,,,,,,,-46.0,11.75,3.772,-179.9,-678.6,0,16,,30,7109
236,2026-07-22T07:42:01.211925+00:00,228,28.5,41.6,12939,3146,,,,,,,,-46.0,12.25,3.772,-183.3,-691.4,0,16,,30,7109
237,2026-07-22T07:42:38.269611+00:00,239,27.9,42.8,13044,3246,,,,,,,,-45.0,12.0,3.772,-182.5,-688.4,0,16,,30,7109
238,2026-07-22T07:43:15.366140+00:00,174,27.9,43.4,13106,3334,,,,,,,,-45.0,11.75,3.772,-183.9,-693.7,0,16,,30,7110
239,2026-07-22T07:43:52.485207+00:00,204,28.6,41.8,13144,3344,,,,,,,,-46.0,13.0,3.752,-323.8,-1214.9,0,16,,30,7109
240,2026-07-22T07:44:29.559995+00:00,224,28.6,41.5,13157,3385,,,,,,,,-47.0,12.75,3.772,-181.2,-683.5,0,16,,30,7109
241,2026-07-22T07:45:06.624046+00:00,254,28.4,41.9,13202,3324,,,,,,,,-45.0,12.25,3.756,-295.8,-1111.0,0,16,,30,7110
242,2026-07-22T07:45:43.722387+00:00,226,28.5,42.0,13278,3372,,,,,,,,-46.0,12.25,3.772,-181.9,-686.1,0,16,,30,7110
243,2026-07-22T07:46:20.827727+00:00,264,29.0,41.1,13296,3431,,,,,,,,-45.0,12.25,3.772,-184.4,-695.6,0,16,,30,7109
244,2026-07-22T07:46:57.921866+00:00,183,29.0,40.8,13210,3392,,,,,,,,-46.0,12.0,3.772,-182.6,-688.8,0,16,,30,7110
245,2026-07-22T07:47:35.013164+00:00,235,28.7,41.2,13265,3449,,,,,,,,-46.0,12.75,3.772,-180.1,-679.3,0,16,,30,7109
246,2026-07-22T07:48:12.097513+00:00,226,28.6,41.9,13285,3537,,,,,,,,-44.0,12.25,3.772,-181.1,-683.1,0,16,,30,7110
247,2026-07-22T07:53:30.071307+00:00,220,30.8,38.0,9256,2634,,,,,,,,-45.0,12.25,3.772,-184.4,-695.6,0,8,,30,7311
248,2026-07-22T07:54:07.323851+00:00,198,29.6,39.3,9499,2752,,,,,,,,-45.0,12.5,3.772,-180.8,-682.0,0,8,,30,7308
249,2026-07-22T07:59:26.091632+00:00,255,30.9,38.0,10220,3229,,,,,,,,-48.0,11.75,3.772,-181.3,-683.9,0,8,,30,7308
250,2026-07-22T08:00:03.390702+00:00,182,31.4,37.0,10664,3360,,,,,,,,-45.0,11.5,3.768,-181.6,-684.3,0,8,,30,7310
251,2026-07-22T08:00:40.649636+00:00,233,31.8,36.3,11001,3451,,,,,,,,-44.0,12.5,3.752,-300.2,-1126.4,0,8,,30,7312
252,2026-07-22T08:05:59.326825+00:00,195,30.4,38.1,10200,3116,,,,,,,,-45.0,12.5,3.768,-181.4,-683.5,0,8,,30,7311
253,2026-07-22T08:11:18.034340+00:00,208,31.1,37.2,10266,3138,,,,,,,,-46.0,12.25,3.764,-183.9,-692.2,0,8,,30,7308
254,2026-07-22T08:11:55.300258+00:00,248,30.3,38.3,10768,3346,,,,,,,,-45.0,12.25,3.764,-183.0,-688.8,0,8,,30,7309
255,2026-07-22T08:12:32.571712+00:00,253,29.9,38.9,10973,3324,,,,,,,,-46.0,12.25,3.748,-297.1,-1113.5,0,8,,30,7310
256,2026-07-22T08:13:09.792930+00:00,248,29.4,39.5,11429,3501,,,,,,,,-45.0,12.25,3.764,-180.9,-680.9,0,8,,30,7308
257,2026-07-22T08:13:47.054556+00:00,236,29.0,40.4,11990,3699,,,,,,,,-45.0,11.75,3.764,-182.8,-688.1,0,8,,30,7309
258,2026-07-22T08:14:24.337191+00:00,233,28.2,42.0,12639,4027,,,,,,,,-45.0,12.25,3.74,-355.3,-1328.8,0,8,,30,7310
259,2026-07-22T08:15:01.610394+00:00,210,28.5,41.3,13087,4211,,,,,,,,-46.0,12.0,3.768,-181.8,-685.0,0,8,,30,7308
260,2026-07-22T08:15:38.908078+00:00,250,28.7,41.2,13905,4671,,,,,,,,-45.0,12.25,3.764,-181.3,-682.4,0,8,,30,7310
261,2026-07-22T08:16:16.218682+00:00,218,29.0,40.7,14267,4717,,,,,,,,-44.0,12.0,3.764,-181.0,-681.3,0,8,,30,7309
262,2026-07-22T08:16:53.495047+00:00,190,29.6,39.8,14965,5101,,,,,,,,-44.0,12.25,3.764,-181.3,-682.4,0,8,,30,7310
263,2026-07-22T08:17:30.799408+00:00,205,29.7,39.5,15249,5077,,,,,,,,-43.0,12.75,3.764,-185.3,-697.5,0,8,,30,7308
264,2026-07-22T08:18:08.112788+00:00,200,30.6,38.3,15477,5098,,,,,,,,-43.0,12.0,3.764,-184.0,-692.6,0,8,,30,7308
265,2026-07-22T08:18:45.394780+00:00,160,31.1,36.9,15865,5255,,,,,,,,-46.0,11.5,3.764,-185.9,-699.7,0,8,,30,7310
266,2026-07-22T08:19:22.873473+00:00,218,31.4,36.6,8465,2758,,,,,,,,-46.0,12.0,3.764,-182.0,-685.0,0,4,,30,7507
267,2026-07-22T08:20:00.378043+00:00,127,32.0,35.8,8846,2961,,,,,,,,-46.0,12.25,3.736,-386.7,-1444.7,0,4,,30,7509
268,2026-07-22T08:20:37.909640+00:00,168,32.9,35.4,9017,3014,,,,,,,,-46.0,11.75,3.764,-183.2,-689.6,0,4,,30,7509
269,2026-07-22T08:21:15.391746+00:00,224,32.4,34.8,9378,3174,,,,,,,,-48.0,11.75,3.764,-183.8,-691.8,0,4,,30,7508
270,2026-07-22T08:21:52.863589+00:00,238,32.2,35.8,9570,3265,,,,,,,,-46.0,11.75,3.764,-187.1,-704.2,0,4,,30,7508
271,2026-07-22T08:22:30.378298+00:00,263,33.0,34.1,10009,3462,,,,,,,,-46.0,12.5,3.764,-185.0,-696.3,0,4,,30,7509
272,2026-07-22T08:23:07.852726+00:00,215,33.3,33.5,10454,3609,,,,,,,,-46.0,11.75,3.764,-185.6,-698.6,0,4,,30,7507
273,2026-07-22T08:23:45.347837+00:00,222,33.9,32.7,10745,3724,,,,,,,,-46.0,11.75,3.764,-184.1,-693.0,0,4,,30,7509
274,2026-07-22T08:24:22.789700+00:00,233,33.9,32.1,10910,3744,,,,,,,,-46.0,12.25,3.748,-300.5,-1126.3,0,4,,30,7510
275,2026-07-22T08:25:00.244067+00:00,232,33.0,34.2,10830,3705,,,,,,,,-46.0,12.0,3.764,-183.1,-689.2,0,4,,30,7510
276,2026-07-22T08:25:37.700604+00:00,236,33.8,32.7,10565,3627,,,,,,,,-46.0,12.5,3.764,-184.8,-695.6,0,4,,30,7508
277,2026-07-22T08:26:15.194671+00:00,244,34.7,31.5,10303,3544,,,,,,,,-47.0,12.0,3.764,-186.6,-702.4,0,4,,30,7508
278,2026-07-22T08:26:52.678843+00:00,214,34.3,31.4,10145,3498,,,,,,,,-46.0,12.5,3.744,-329.1,-1232.2,0,4,,30,7509
279,2026-07-22T08:27:30.168435+00:00,155,32.9,34.3,10008,3437,,,,,,,,-47.0,12.5,3.764,-183.6,-691.1,0,4,,30,7509
280,2026-07-22T08:28:07.659099+00:00,201,32.7,34.1,9816,3343,,,,,,,,-46.0,12.25,3.764,-185.2,-697.1,0,4,,30,7507
281,2026-07-22T08:28:45.161728+00:00,204,33.1,34.2,9648,3257,,,,,,,,-46.0,11.75,3.76,-184.0,-691.8,0,4,,30,7509
282,2026-07-22T08:29:22.672150+00:00,234,34.1,33.1,9447,3163,,,,,,,,-47.0,12.25,3.732,-399.0,-1489.1,0,4,,30,7509
283,2026-07-22T08:30:00.146641+00:00,197,33.9,32.4,9216,3066,,,,,,,,-47.0,12.5,3.76,-188.6,-709.1,0,4,,30,7508
284,2026-07-22T08:30:37.653665+00:00,245,34.8,31.6,9000,3000,,,,,,,,-47.0,12.5,3.76,-189.0,-710.6,0,4,,30,7509
285,2026-07-22T08:31:15.144061+00:00,169,36.0,30.3,8809,2921,,,,,,,,-47.0,12.75,3.748,-302.1,-1132.3,0,4,,30,7508
286,2026-07-22T08:31:52.617327+00:00,203,36.2,29.8,8637,2829,,,,,,,,-47.0,12.25,3.76,-186.7,-702.0,0,4,,30,7510
287,2026-07-22T08:32:30.054789+00:00,210,35.3,30.1,8490,2770,,,,,,,,-46.0,12.5,3.76,-186.6,-701.6,0,4,,30,7508
288,2026-07-22T08:33:07.355968+00:00,197,35.1,30.8,16032,5237,,,,,,,,-47.0,13.0,3.76,-186.8,-702.4,0,8,,30,7310
289,2026-07-22T08:33:44.613807+00:00,228,35.2,30.5,15707,5057,,,,,,,,-47.0,12.75,3.76,-186.6,-701.6,0,8,,30,7311
290,2026-07-22T08:34:21.890519+00:00,238,34.8,31.2,15366,4895,,,,,,,,-46.0,12.25,3.764,-184.2,-693.3,0,8,,30,7310
291,2026-07-22T08:34:59.191778+00:00,196,35.3,30.5,15049,4756,,,,,,,,-47.0,13.25,3.748,-306.6,-1149.1,0,8,,30,7310
292,2026-07-22T08:35:36.462635+00:00,174,35.8,29.9,14883,4626,,,,,,,,-46.0,12.25,3.76,-186.1,-699.7,0,8,,30,7309
293,2026-07-22T08:36:13.711397+00:00,226,35.6,30.1,14698,4513,,,,,,,,-46.0,12.5,3.764,-188.9,-711.0,0,8,,30,7309
294,2026-07-22T08:36:50.986350+00:00,234,35.6,29.8,14562,4382,,,,,,,,-46.0,12.0,3.76,-187.4,-704.6,0,8,,30,7311
295,2026-07-22T08:37:28.264894+00:00,259,35.1,30.2,14176,4078,,,,,,,,-46.0,11.5,3.764,-185.0,-696.3,0,8,,30,7310
296,2026-07-22T08:38:05.529970+00:00,241,34.4,31.3,14162,4095,,,,,,,,-47.0,12.0,3.76,-184.3,-693.0,0,8,,30,7309
297,2026-07-22T08:38:42.817678+00:00,211,34.0,32.2,14410,4279,,,,,,,,-47.0,12.25,3.76,-187.9,-706.5,0,8,,30,7307
298,2026-07-22T08:39:20.104636+00:00,143,34.4,31.5,14640,4404,,,,,,,,-45.0,12.25,3.76,-183.0,-688.1,0,8,,30,7309
299,2026-07-22T08:39:57.381539+00:00,196,34.2,31.8,14985,4605,,,,,,,,-47.0,12.25,3.744,-300.1,-1123.6,0,8,,30,7308
300,2026-07-22T08:45:16.071859+00:00,226,34.5,31.3,15647,4833,,,,,,,,-46.0,12.0,3.756,-188.1,-706.5,0,8,,30,7310
301,2026-07-22T08:45:53.383397+00:00,268,34.9,31.1,15286,4719,,,,,,,,-46.0,12.25,3.732,-376.2,-1404.0,0,8,,30,7311
302,2026-07-22T08:46:30.692928+00:00,221,36.0,29.7,14972,4616,,,,,,,,-46.0,12.25,3.756,-185.5,-696.7,0,8,,30,7312
303,2026-07-22T08:47:07.977408+00:00,191,36.5,28.8,14578,4465,,,,,,,,-48.0,13.0,3.756,-187.2,-703.1,0,8,,30,7310
304,2026-07-22T08:52:26.879959+00:00,175,35.0,32.0,12485,3649,,,,,,,,-45.0,12.25,3.756,-189.8,-712.9,0,8,,30,7309
305,2026-07-22T08:53:04.185956+00:00,227,36.1,30.1,12221,3534,,,,,,,,-47.0,12.0,3.74,-299.5,-1120.1,0,8,,30,7309
306,2026-07-22T08:53:41.480448+00:00,300,37.1,28.5,12098,3587,,,,,,,,-46.0,12.0,3.756,-189.0,-709.9,0,8,,30,7309
307,2026-07-22T08:54:18.757585+00:00,229,37.3,27.5,12041,3566,,,,,,,,-45.0,11.75,3.756,-188.8,-709.1,0,8,,30,7309
308,2026-07-22T08:54:56.022416+00:00,280,37.2,28.0,12086,3534,,,,,,,,-45.0,12.25,3.736,-337.0,-1259.0,0,8,,30,7309
309,2026-07-22T08:55:33.283214+00:00,205,36.9,28.3,12197,3537,,,,,,,,-45.0,12.0,3.756,-185.6,-697.1,0,8,,30,7310
310,2026-07-22T08:56:10.591640+00:00,223,36.5,29.3,12266,3521,,,,,,,,-47.0,12.25,3.756,-190.6,-715.9,0,8,,30,7310
311,2026-07-22T08:56:47.884743+00:00,223,37.5,28.0,12363,3539,,,,,,,,-48.0,12.0,3.756,-189.9,-713.3,0,8,,30,7309
312,2026-07-22T08:57:25.129368+00:00,165,37.3,27.8,12462,3561,,,,,,,,-47.0,12.5,3.756,-189.4,-711.4,0,8,,30,7310
313,2026-07-22T08:58:02.401540+00:00,233,36.5,28.3,12570,3594,,,,,,,,-47.0,13.25,3.74,-304.5,-1138.8,0,8,,30,7310
314,2026-07-22T08:58:39.667453+00:00,205,36.7,28.4,12637,3608,,,,,,,,-47.0,12.25,3.756,-187.5,-704.2,0,8,,30,7308
315,2026-07-22T08:59:16.957985+00:00,145,36.7,28.2,12673,3603,,,,,,,,-48.0,12.25,3.752,-186.7,-700.5,0,8,,30,7309
316,2026-07-22T08:59:54.186364+00:00,260,35.7,29.6,12722,3602,,,,,,,,-46.0,12.0,3.752,-186.7,-700.5,0,8,,30,7311
317,2026-07-22T09:00:31.457824+00:00,136,35.7,29.4,12743,3600,,,,,,,,-46.0,12.5,3.756,-186.3,-699.7,0,8,,30,7310
318,2026-07-22T09:01:08.713421+00:00,257,35.1,30.1,12766,3599,,,,,,,,-46.0,11.75,3.756,-184.3,-692.2,0,8,,30,7310
319,2026-07-22T09:01:45.968568+00:00,220,32.9,33.1,12761,3574,,,,,,,,-46.0,11.5,3.756,-184.8,-694.1,0,8,,30,7309
320,2026-07-22T09:02:23.292279+00:00,188,33.5,33.3,12658,3455,,,,,,,,-46.0,12.25,3.752,-188.1,-705.8,0,8,,30,7309
321,2026-07-22T09:03:00.596451+00:00,246,35.0,30.6,12709,3512,,,,,,,,-46.0,12.25,3.736,-305.9,-1142.8,0,8,,30,7310
322,2026-07-22T09:03:37.873649+00:00,241,36.0,29.2,12992,3681,,,,,,,,-47.0,12.75,3.752,-184.9,-693.7,0,8,,30,7310
323,2026-07-22T09:04:15.179506+00:00,187,36.4,28.9,13163,3730,,,,,,,,-47.0,12.75,3.756,-185.1,-695.2,0,8,,30,7311
324,2026-07-22T09:04:52.441193+00:00,238,36.9,27.5,13312,3759,,,,,,,,-47.0,12.25,3.756,-188.9,-709.5,0,8,,30,7309
325,2026-07-22T09:05:29.696989+00:00,213,37.0,27.2,13312,3753,,,,,,,,-47.0,12.5,3.752,-187.2,-702.4,0,8,,30,7311
326,2026-07-22T09:06:06.994260+00:00,203,37.1,27.3,13302,3760,,,,,,,,-47.0,12.25,3.756,-187.1,-702.7,0,8,,30,7309
327,2026-07-22T09:06:44.272477+00:00,180,37.1,27.5,13217,3689,,,,,,,,-47.0,12.75,3.756,-185.6,-697.1,0,8,,30,7311
328,2026-07-22T09:07:21.574492+00:00,253,36.9,27.9,13254,3755,,,,,,,,-48.0,12.25,3.756,-185.1,-695.2,0,8,,30,7311
329,2026-07-22T09:07:58.866753+00:00,227,36.3,28.7,13383,3817,,,,,,,,-47.0,12.5,3.74,-305.0,-1140.7,0,8,,30,7308
330,2026-07-22T09:08:36.147509+00:00,267,36.3,28.5,13402,3776,,,,,,,,-47.0,12.0,3.752,-188.8,-708.4,0,8,,30,7311
331,2026-07-22T09:09:13.378289+00:00,243,36.2,28.4,13355,3797,,,,,,,,-46.0,11.75,3.756,-184.8,-694.1,0,8,,30,7309
332,2026-07-22T09:09:50.663340+00:00,266,36.0,28.8,13436,3857,,,,,,,,-45.0,12.25,3.752,-184.6,-692.6,0,8,,30,7310
333,2026-07-22T09:10:27.955200+00:00,224,36.3,28.9,13608,3899,,,,,,,,-47.0,13.0,3.752,-188.1,-705.8,0,8,,30,7311
334,2026-07-22T09:11:05.246636+00:00,201,36.9,27.8,13832,3977,,,,,,,,-46.0,11.75,3.752,-188.4,-706.9,0,8,,30,7310
335,2026-07-22T09:11:42.539950+00:00,239,36.3,28.3,14025,4059,,,,,,,,-46.0,12.0,3.752,-187.5,-703.5,0,8,,30,7310
336,2026-07-22T09:12:19.827181+00:00,263,35.9,29.0,14153,4118,,,,,,,,-47.0,12.25,3.752,-188.9,-708.8,0,8,,30,7311
337,2026-07-22T09:12:57.114999+00:00,259,36.6,28.1,14360,4167,,,,,,,,-43.0,12.25,3.736,-303.1,-1132.4,0,8,,30,7308
338,2026-07-22T09:13:34.403279+00:00,227,37.0,27.6,14556,4218,,,,,,,,-43.0,12.25,3.752,-187.9,-705.0,0,8,,30,7311
339,2026-07-22T09:14:11.644119+00:00,226,36.9,27.6,14748,4263,,,,,,,,-42.0,12.25,3.752,-186.0,-697.9,0,8,,30,7310
340,2026-07-22T09:19:30.649838+00:00,220,39.3,25.2,8542,2636,,,,,,,,-42.0,12.5,3.752,-186.3,-699.0,0,4,,30,7510
341,2026-07-22T09:20:08.145559+00:00,266,39.6,24.9,8706,2707,,,,,,,,-43.0,11.75,3.748,-187.8,-703.9,0,4,,30,7509
342,2026-07-22T09:20:45.618484+00:00,271,40.0,24.2,8840,2770,,,,,,,,-43.0,12.75,3.732,-303.6,-1133.0,0,4,,30,7509
343,2026-07-22T09:21:23.104200+00:00,219,39.8,24.4,8985,2844,,,,,,,,-43.0,11.75,3.748,-188.1,-705.0,0,4,,30,7511
344,2026-07-22T09:22:00.601664+00:00,361,39.5,24.7,9109,2899,,,,,,,,-43.0,12.0,3.752,-188.1,-705.8,0,4,,30,7510
345,2026-07-22T09:22:38.055285+00:00,225,39.2,25.1,9186,2933,,,,,,,,-44.0,12.0,3.748,-186.7,-699.8,0,4,,30,7508
346,2026-07-22T09:23:15.511811+00:00,240,38.6,25.6,9239,2957,,,,,,,,-43.0,12.25,3.748,-185.5,-695.3,0,4,,30,7509
347,2026-07-22T09:23:52.975825+00:00,162,38.0,26.8,9258,2977,,,,,,,,-43.0,12.0,3.748,-188.3,-705.7,0,4,,30,7508
348,2026-07-22T09:24:30.467335+00:00,274,38.2,26.2,9255,2993,,,,,,,,-43.0,12.0,3.752,-187.2,-702.4,0,4,,30,7509
349,2026-07-22T09:25:07.908643+00:00,173,38.5,25.5,9249,2996,,,,,,,,-46.0,11.75,3.732,-302.2,-1127.8,0,4,,30,
350,2026-07-22T09:25:45.404438+00:00,236,38.9,25.6,9221,2983,,,,,,,,-43.0,12.0,3.748,-190.2,-712.9,0,4,,30,7508
351,2026-07-22T09:26:22.915958+00:00,246,39.6,25.1,9215,2976,,,,,,,,-43.0,12.0,3.748,-189.7,-711.0,0,4,,30,7508
352,2026-07-22T09:27:00.403570+00:00,229,39.7,24.7,9228,2964,,,,,,,,-43.0,12.25,3.748,-188.8,-707.6,0,4,,30,7508
353,2026-07-22T09:27:37.889278+00:00,243,39.4,24.8,8886,2729,,,,,,,,-43.0,12.25,3.724,-348.8,-1298.9,0,4,,30,7508
354,2026-07-22T09:28:15.335141+00:00,199,38.7,25.8,8947,2793,,,,,,,,-43.0,11.75,3.748,-188.3,-705.7,0,4,,30,7511
355,2026-07-22T09:28:52.766833+00:00,233,37.6,27.3,8667,2694,,,,,,,,-43.0,12.0,3.748,-184.8,-692.6,0,4,,30,7507
356,2026-07-22T09:29:30.060846+00:00,265,37.0,27.8,16076,5071,,,,,,,,-43.0,12.25,3.728,-323.3,-1205.3,0,8,,30,7309
357,2026-07-22T09:30:07.325678+00:00,198,37.2,27.5,15519,4879,,,,,,,,-43.0,12.25,3.748,-188.1,-705.0,0,8,,30,7310
358,2026-07-22T09:30:44.569727+00:00,264,37.0,27.8,15046,4775,,,,,,,,-43.0,12.25,3.748,-189.1,-708.7,0,8,,30,7310
359,2026-07-22T09:31:21.881289+00:00,187,37.6,27.4,15738,5190,,,,,,,,-43.0,12.25,3.748,-188.2,-705.4,0,8,,30,7311
360,2026-07-22T09:31:59.381937+00:00,254,37.9,27.2,8647,2777,,,,,,,,-45.0,12.0,3.748,-188.7,-707.2,0,4,,30,7509
361,2026-07-22T09:32:36.872013+00:00,225,38.6,26.3,9030,2849,,,,,,,,-43.0,11.75,3.748,-189.7,-711.0,0,4,,30,7508
362,2026-07-22T09:33:14.394194+00:00,283,39.3,25.1,9365,2947,,,,,,,,-43.0,11.75,3.732,-313.5,-1170.0,0,4,,30,7508
363,2026-07-22T09:33:51.903453+00:00,237,39.2,24.7,9680,3038,,,,,,,,-43.0,12.5,3.748,-188.0,-704.6,0,4,,30,7509
364,2026-07-22T09:34:29.398126+00:00,235,38.8,25.7,9798,3057,,,,,,,,-43.0,11.75,3.748,-188.0,-704.6,0,4,,30,7509
365,2026-07-22T09:35:06.875654+00:00,310,38.7,25.8,9835,3054,,,,,,,,-45.0,11.75,3.748,-188.4,-706.1,0,4,,30,7509
366,2026-07-22T09:35:44.381402+00:00,284,39.4,25.4,9871,3058,,,,,,,,-43.0,12.25,3.744,-190.4,-712.9,0,4,,30,7509
367,2026-07-22T09:36:21.852446+00:00,170,39.7,24.7,9830,3043,,,,,,,,-43.0,12.75,3.744,-190.0,-711.4,0,4,,30,7510
368,2026-07-22T09:36:59.282075+00:00,197,39.1,25.0,9853,3007,,,,,,,,-43.0,11.75,3.744,-189.4,-709.1,0,4,,30,7507
369,2026-07-22T09:37:36.731120+00:00,319,38.3,26.0,9773,2959,,,,,,,,-43.0,11.5,3.728,-309.3,-1153.1,0,4,,30,7508
370,2026-07-22T09:38:14.213661+00:00,213,38.1,26.2,9794,2952,,,,,,,,-43.0,12.0,3.744,-185.8,-695.6,0,4,,30,7509
371,2026-07-22T09:38:51.693171+00:00,169,36.8,27.8,9704,2910,,,,,,,,-44.0,12.25,3.748,-187.0,-700.9,0,4,,30,7509
372,2026-07-22T09:39:29.184839+00:00,245,36.9,27.7,9527,2833,,,,,,,,-44.0,12.0,3.748,-187.0,-700.9,0,4,,30,7507
373,2026-07-22T09:40:06.704242+00:00,201,37.5,27.2,9681,2902,,,,,,,,-42.0,12.5,3.744,-186.9,-699.8,0,4,,30,7509
374,2026-07-22T09:45:27.134784+00:00,195,37.8,26.5,9075,2623,,,,,,,,-44.0,12.5,3.72,-356.8,-1327.3,0,4,,30,7508
375,2026-07-22T09:46:04.621288+00:00,206,37.1,27.4,9122,2685,,,,,,,,-42.0,12.5,3.748,-189.7,-711.0,0,4,,30,7508
376,2026-07-22T09:46:42.079616+00:00,232,35.4,29.5,9293,2751,,,,,,,,-43.0,13.0,3.744,-186.9,-699.8,0,4,,30,7509
377,2026-07-22T09:47:19.594426+00:00,210,36.1,29.1,9674,2844,,,,,,,,-43.0,12.75,3.728,-304.5,-1135.2,0,4,,30,7508
378,2026-07-22T09:47:57.094129+00:00,234,36.6,28.1,10062,2970,,,,,,,,-43.0,12.25,3.744,-186.9,-699.8,0,4,,30,7510
379,2026-07-22T09:48:34.587268+00:00,217,37.1,27.8,10524,3134,,,,,,,,-43.0,12.5,3.744,-189.6,-709.9,0,4,,30,7510
380,2026-07-22T09:49:12.089492+00:00,274,37.7,27.3,10997,3344,,,,,,,,-45.0,12.5,3.744,-192.0,-718.8,0,4,,30,7508
381,2026-07-22T09:49:49.590918+00:00,240,39.1,25.6,11307,3389,,,,,,,,-43.0,12.75,3.724,-316.9,-1180.1,0,4,,30,7509
382,2026-07-22T09:50:27.056020+00:00,258,39.8,24.8,11354,3433,,,,,,,,-43.0,12.5,3.74,-190.5,-712.5,0,4,,30,7510
383,2026-07-22T09:51:04.514437+00:00,210,39.1,25.7,11580,3601,,,,,,,,-46.0,12.5,3.744,-190.5,-713.2,0,4,,30,7511
384,2026-07-22T09:51:41.987032+00:00,237,37.7,27.3,11936,3844,,,,,,,,-43.0,12.0,3.728,-303.3,-1130.7,0,4,,30,7509
385,2026-07-22T09:52:19.452939+00:00,252,38.1,26.9,12316,3957,,,,,,,,-43.0,12.25,3.744,-189.1,-708.0,0,4,,30,7508
386,2026-07-22T09:52:56.947237+00:00,236,38.5,26.2,12754,4140,,,,,,,,-42.0,12.25,3.74,-188.2,-703.9,0,4,,30,7510
387,2026-07-22T09:58:17.414829+00:00,241,36.6,28.8,15571,5021,,,,,,,,-43.0,13.25,3.74,-187.9,-702.7,0,4,,30,7509
388,2026-07-22T09:58:54.939503+00:00,306,37.2,27.8,15776,5081,,,,,,,,-46.0,11.75,3.74,-191.6,-716.6,0,4,,30,7509
389,2026-07-22T09:59:32.409751+00:00,233,38.2,27.0,15259,4910,,,,,,,,-50.0,12.5,3.736,-190.1,-710.2,0,4,,30,7508
390,2026-07-22T10:00:09.899433+00:00,189,38.6,26.3,15028,4897,,,,,,,,-46.0,12.0,3.74,-191.2,-715.1,0,4,,30,7509
391,2026-07-22T10:00:47.377561+00:00,239,38.5,26.3,14685,4752,,,,,,,,-46.0,12.5,3.74,-189.9,-710.2,0,4,,30,7510
392,2026-07-22T10:01:24.882323+00:00,274,39.3,26.5,14345,4615,,,,,,,,-46.0,12.25,3.724,-310.8,-1157.4,0,4,,30,7508
393,2026-07-22T10:02:02.356686+00:00,245,39.6,25.7,14124,4527,,,,,,,,-46.0,12.5,3.74,-190.5,-712.5,0,4,,30,7508
394,2026-07-22T10:02:39.817982+00:00,176,39.8,25.1,13575,4304,,,,,,,,-46.0,12.5,3.744,-189.1,-708.0,0,4,,30,7509
395,2026-07-22T10:03:17.268624+00:00,242,39.5,25.1,12623,4034,,,,,,,,-45.0,12.25,3.724,-302.5,-1126.5,0,4,,30,7509
396,2026-07-22T10:03:54.708535+00:00,195,39.6,25.5,11986,3893,,,,,,,,-45.0,12.5,3.736,-189.4,-707.6,0,4,,30,7509
397,2026-07-22T10:04:32.134483+00:00,254,39.5,24.7,11835,3882,,,,,,,,-46.0,12.25,3.74,-189.7,-709.5,0,4,,30,7508
398,2026-07-22T10:05:09.584802+00:00,349,39.1,25.2,12318,4045,,,,,,,,-47.0,12.75,3.736,-186.8,-697.9,0,4,,30,7509
399,2026-07-22T10:05:47.021994+00:00,216,38.8,25.6,13071,4332,,,,,,,,-49.0,12.25,3.736,-185.8,-694.1,0,4,,30,7509
400,2026-07-22T10:06:24.513621+00:00,158,39.2,25.3,14152,4738,,,,,,,,-45.0,12.25,3.736,-185.6,-693.4,0,4,,30,7509
401,2026-07-22T10:07:02.032729+00:00,260,39.1,25.6,15140,5018,,,,,,,,-47.0,12.5,3.74,-190.2,-711.3,0,4,,30,7510
402,2026-07-22T10:07:39.739497+00:00,204,38.5,26.3,8158,2749,,,,,,,,-46.0,12.0,3.72,-302.8,-1126.4,0,2,,30,7706
403,2026-07-22T10:08:17.452692+00:00,266,39.3,25.8,8367,2845,,,,,,,,-45.0,12.25,3.74,-187.8,-702.4,0,2,,30,7710
404,2026-07-22T10:08:55.145501+00:00,224,39.7,24.7,8509,2912,,,,,,,,-47.0,12.5,3.736,-188.4,-703.9,0,2,,30,7706
405,2026-07-22T10:09:32.835492+00:00,234,39.7,25.1,8662,2966,,,,,,,,-47.0,12.75,3.74,-189.9,-710.2,0,2,,30,7708
406,2026-07-22T10:10:10.528245+00:00,273,39.9,25.2,8479,2913,,,,,,,,-47.0,12.25,3.736,-191.9,-716.9,0,2,,30,7709
407,2026-07-22T10:10:48.201699+00:00,218,40.4,24.3,8410,2932,,,,,,,,-46.0,12.25,3.736,-190.7,-712.5,0,2,,30,7708
408,2026-07-22T10:11:25.895572+00:00,247,40.6,25.5,8479,2948,,,,,,,,-45.0,12.0,3.708,-398.3,-1476.9,0,2,,30,7710
409,2026-07-22T10:12:03.564979+00:00,240,40.3,25.1,8248,2861,,,,,,,,-46.0,12.25,3.736,-188.6,-704.6,0,2,,30,7710
410,2026-07-22T10:12:41.018158+00:00,267,39.9,26.2,15654,5493,,,,,,,,-46.0,12.25,3.736,-188.4,-703.9,0,4,,30,7508
411,2026-07-22T10:13:18.510818+00:00,239,39.7,25.0,15378,5426,,,,,,,,-47.0,12.5,3.72,-304.7,-1133.5,0,4,,30,7509
412,2026-07-22T10:13:55.951825+00:00,260,38.5,26.5,15467,5427,,,,,,,,-46.0,11.75,3.736,-189.0,-706.1,0,4,,30,7507
413,2026-07-22T10:14:33.445211+00:00,277,39.5,25.8,15232,5339,,,,,,,,-47.0,12.0,3.736,-187.8,-701.6,0,4,,30,7509
414,2026-07-22T10:15:10.903495+00:00,206,40.0,25.0,14636,5111,,,,,,,,-45.0,11.75,3.736,-188.7,-705.0,0,4,,30,7510
415,2026-07-22T10:15:48.368304+00:00,204,39.4,26.3,14348,5066,,,,,,,,-46.0,12.5,3.736,-190.4,-711.3,0,4,,30,7509
416,2026-07-22T10:16:25.853344+00:00,207,38.4,27.1,13334,4627,,,,,,,,-46.0,12.0,3.736,-188.7,-705.0,0,4,,30,7508
417,2026-07-22T10:17:03.293251+00:00,292,37.6,27.6,12776,4423,,,,,,,,-46.0,12.25,3.736,-186.9,-698.3,0,4,,30,7508
418,2026-07-22T10:17:40.744149+00:00,248,,,,,,,,,,,,-45.0,13.0,,,,,,,,
419,2026-07-22T10:18:18.181048+00:00,268,35.2,30.3,11241,3943,,,,,,,,-46.0,12.25,3.736,-184.6,-689.7,0,4,,30,7508
420,2026-07-22T10:18:55.611271+00:00,231,34.0,31.8,11430,3936,,,,,,,,-46.0,12.0,3.736,-186.0,-694.9,0,4,,30,7509
421,2026-07-22T10:19:33.117108+00:00,226,34.8,31.6,14663,5087,,,,,,,,-45.0,12.25,3.72,-303.5,-1129.0,0,4,,30,7510
422,2026-07-22T10:20:10.868441+00:00,237,35.6,29.9,8137,2752,,,,,,,,-46.0,12.0,3.732,-188.2,-702.4,0,2,,30,7706
423,2026-07-22T10:20:48.619343+00:00,164,36.9,28.7,8739,2923,,,,,,,,-47.0,12.75,3.732,-190.7,-711.7,0,2,,30,7709
424,2026-07-22T10:21:26.297365+00:00,306,37.5,27.8,8793,2945,,,,,,,,-45.0,12.25,3.736,-189.4,-707.6,0,2,,30,7710
425,2026-07-22T10:22:03.996847+00:00,258,38.6,26.4,8656,2901,,,,,,,,-46.0,12.0,3.732,-187.7,-700.5,0,2,,30,7707
426,2026-07-22T10:22:41.668939+00:00,115,39.4,25.3,8552,2875,,,,,,,,-45.0,12.75,3.732,-188.6,-703.9,0,2,,30,7708
427,2026-07-22T10:23:19.301269+00:00,170,39.3,25.0,8205,2659,,,,,,,,-46.0,12.25,3.736,-191.2,-714.3,0,2,,30,7710
428,2026-07-22T10:23:56.946569+00:00,201,38.8,25.6,8465,2685,,,,,,,,-45.0,11.5,3.732,-189.4,-706.8,0,2,,30,7707
429,2026-07-22T10:24:34.600616+00:00,187,38.2,26.0,8811,2776,,,,,,,,-45.0,12.5,3.736,-189.7,-708.7,0,2,,30,7709
430,2026-07-22T10:25:12.263395+00:00,323,37.4,27.1,8993,2813,,,,,,,,-45.0,12.25,3.732,-187.6,-700.1,0,2,,30,7710
431,2026-07-22T10:25:49.910817+00:00,262,36.5,28.1,10227,3252,,,,,,,,-47.0,13.25,3.72,-297.6,-1107.1,0,2,,30,7707
432,2026-07-22T10:26:27.639248+00:00,279,36.2,28.8,10197,3324,,,,,,,,-45.0,12.0,3.708,-363.7,-1348.6,0,2,,30,7708
433,2026-07-22T10:27:05.348042+00:00,200,35.7,29.2,9758,3228,,,,,,,,-46.0,12.25,3.732,-189.5,-707.2,0,2,,30,7708
434,2026-07-22T10:27:43.008334+00:00,188,35.4,29.7,8893,2925,,,,,,,,-46.0,12.5,3.732,-185.9,-693.8,0,2,,30,7708
435,2026-07-22T10:28:20.687505+00:00,254,36.4,29.3,8952,2990,,,,,,,,-46.0,12.75,3.732,-189.0,-705.3,0,2,,30,7709
436,2026-07-22T10:28:58.353438+00:00,306,35.7,29.4,8538,2866,,,,,,,,-47.0,12.75,3.732,-188.4,-703.1,0,2,,30,7709
437,2026-07-22T10:29:36.052775+00:00,282,35.8,29.4,8506,2857,,,,,,,,-46.0,12.5,3.716,-321.6,-1195.1,0,2,,30,7708
438,2026-07-22T10:30:13.742494+00:00,236,36.3,28.6,8466,2842,,,,,,,,-47.0,13.25,3.732,-188.6,-703.9,0,2,,30,7708
439,2026-07-22T10:30:51.400404+00:00,203,36.5,28.5,8643,2888,,,,,,,,-47.0,13.0,3.732,-189.7,-708.0,0,2,,30,7708
440,2026-07-22T10:31:29.104055+00:00,247,36.5,28.3,8584,2844,,,,,,,,-45.0,12.25,3.732,-186.7,-696.8,0,2,,30,7707
441,2026-07-22T10:32:06.777877+00:00,274,36.7,28.0,8607,2865,,,,,,,,-47.0,12.5,3.732,-186.4,-695.6,0,2,,30,7707
442,2026-07-22T10:32:44.468513+00:00,299,36.8,28.3,8701,2902,,,,,,,,-47.0,12.75,3.716,-304.1,-1130.0,0,2,,30,7710
443,2026-07-22T10:33:22.174479+00:00,261,36.9,28.3,8795,2962,,,,,,,,-46.0,11.75,3.732,-189.8,-708.3,0,2,,30,7708
444,2026-07-22T10:33:59.855952+00:00,158,36.7,28.2,9374,3160,,,,,,,,-46.0,12.25,3.732,-186.9,-697.5,0,2,,30,7708
445,2026-07-22T10:34:37.555021+00:00,230,37.0,28.8,9155,3054,,,,,,,,-49.0,13.25,3.728,-190.6,-710.6,0,2,,30,7708
446,2026-07-22T10:35:15.240340+00:00,277,36.7,28.6,9110,3043,,,,,,,,-47.0,12.75,3.728,-191.0,-712.0,0,2,,30,7708
447,2026-07-22T10:35:52.931581+00:00,236,36.7,28.6,9153,3057,,,,,,,,-46.0,11.75,3.716,-301.2,-1119.3,0,2,,30,7710
448,2026-07-22T10:36:30.646340+00:00,256,37.4,27.8,9646,3165,,,,,,,,-46.0,12.5,3.7,-392.5,-1452.2,0,2,,30,7708
449,2026-07-22T10:37:08.341499+00:00,187,38.3,27.0,9676,3174,,,,,,,,-48.0,12.25,3.728,-189.9,-707.9,0,2,,30,7708
450,2026-07-22T10:37:46.011667+00:00,239,38.8,26.5,9331,3111,,,,,,,,-47.0,13.0,3.728,-189.6,-706.8,0,2,,30,7708
451,2026-07-22T10:38:23.684908+00:00,220,38.6,26.1,9000,3074,,,,,,,,-48.0,12.5,3.728,-191.4,-713.5,0,2,,30,7710
452,2026-07-22T10:39:01.342570+00:00,231,37.1,27.9,8967,3059,,,,,,,,-45.0,12.0,3.728,-187.8,-700.1,0,2,,30,7707
453,2026-07-22T10:39:39.018532+00:00,311,36.7,29.1,9116,3086,,,,,,,,-46.0,12.5,3.704,-374.9,-1388.6,0,2,,30,7708
454,2026-07-22T10:40:16.694293+00:00,261,36.8,27.8,9881,3262,,,,,,,,-45.0,12.0,3.728,-186.9,-696.8,0,2,,30,7708
455,2026-07-22T10:40:54.381739+00:00,236,36.7,28.1,10008,3287,,,,,,,,-45.0,11.75,3.724,-186.9,-696.0,0,2,,30,7708
456,2026-07-22T10:41:32.083669+00:00,231,36.5,29.1,10556,3418,,,,,,,,-45.0,12.5,3.728,-190.4,-709.8,0,2,,30,7708
457,2026-07-22T10:42:09.794614+00:00,239,37.3,27.3,10823,3468,,,,,,,,-47.0,12.75,3.728,-187.3,-698.3,0,2,,30,7708
458,2026-07-22T10:42:47.439930+00:00,180,36.8,28.4,12455,3796,,,,,,,,-47.0,13.0,3.708,-340.7,-1263.3,0,2,,30,7709
459,2026-07-22T10:43:25.138908+00:00,266,36.2,29.4,11899,3644,,,,,,,,-46.0,11.5,3.728,-187.5,-699.0,0,2,,30,7707
460,2026-07-22T10:44:02.825507+00:00,,,,,,,,,,,,,-47.0,12.5,,,,,,,,
461,2026-07-22T10:44:40.521429+00:00,258,37.4,27.2,12404,3801,,,,,,,,-44.0,12.25,3.728,-190.7,-710.9,0,2,,30,7709
462,2026-07-22T10:45:18.222123+00:00,219,37.4,28.2,11716,3634,,,,,,,,-47.0,13.0,3.728,-193.0,-719.5,0,2,,30,7708
463,2026-07-22T10:45:55.928689+00:00,271,38.4,26.5,13094,3937,,,,,,,,-44.0,12.5,3.708,-312.6,-1159.1,0,2,,30,7708
464,2026-07-22T10:46:33.596123+00:00,179,39.7,25.0,13610,4022,,,,,,,,-46.0,12.0,3.724,-193.9,-722.1,0,2,,30,7707
465,2026-07-22T10:47:11.282760+00:00,255,40.2,25.1,13212,3899,,,,,,,,-47.0,12.25,3.728,-192.1,-716.1,0,2,,30,7713
466,2026-07-22T10:47:49.001216+00:00,249,39.6,25.8,12531,3654,,,,,,,,-46.0,12.25,3.724,-189.7,-706.4,0,2,,30,7709
467,2026-07-22T10:48:26.678694+00:00,233,39.6,24.5,11510,3448,,,,,,,,-46.0,11.75,3.724,-193.8,-721.7,0,2,,30,7707
468,2026-07-22T10:49:04.355576+00:00,272,40.3,24.3,10255,3253,,,,,,,,-46.0,11.75,3.708,-319.2,-1183.6,0,2,,30,7708
469,2026-07-22T10:49:42.007867+00:00,270,39.1,24.7,10007,3161,,,,,,,,-45.0,12.25,3.728,-188.4,-702.4,0,2,,30,7711
470,2026-07-22T10:55:04.219889+00:00,229,37.6,26.5,10155,1741,,,,,,,,-45.0,12.5,3.724,-190.0,-707.6,0,1,,30,7908
471,2026-07-22T10:55:42.114377+00:00,239,38.3,25.8,10596,1721,,,,,,,,-45.0,12.75,3.724,-192.7,-717.6,0,1,,30,7906
472,2026-07-22T10:56:19.981123+00:00,210,39.4,24.8,9739,1686,,,,,,,,-46.0,12.75,3.724,-190.3,-708.7,0,1,,30,7906
473,2026-07-22T10:56:57.850920+00:00,232,40.0,23.9,9983,1676,,,,,,,,-47.0,12.25,3.724,-188.3,-701.2,0,1,,30,7908
474,2026-07-22T10:57:35.510686+00:00,285,39.9,24.0,15103,3119,,,,,,,,-45.0,12.25,3.708,-313.4,-1162.1,0,2,,30,7708
475,2026-07-22T10:58:13.155266+00:00,256,39.3,24.9,11789,2858,,,,,,,,-46.0,12.0,3.724,-191.6,-713.5,0,2,,30,7707
476,2026-07-22T10:58:50.805315+00:00,266,38.9,25.3,10140,2679,,,,,,,,-45.0,12.0,3.724,-189.6,-706.1,0,2,,30,7706
477,2026-07-22T10:59:28.455478+00:00,268,38.1,26.1,9351,2509,,,,,,,,-45.0,12.0,3.724,-187.3,-697.5,0,2,,30,7707
478,2026-07-22T11:00:06.118175+00:00,269,37.5,27.4,9694,2432,,,,,,,,-48.0,12.5,3.724,-187.9,-699.7,0,2,,30,7708
479,2026-07-22T11:00:43.805373+00:00,183,37.2,27.6,10485,2474,,,,,,,,-48.0,13.0,3.704,-318.0,-1177.9,0,2,,30,7710
480,2026-07-22T11:01:21.491455+00:00,205,37.1,27.9,8097,2297,,,,,,,,-45.0,12.5,3.724,-188.3,-701.2,0,2,,30,7708
481,2026-07-22T11:01:58.972728+00:00,233,36.6,28.1,15224,4295,,,,,,,,-47.0,12.75,3.72,-188.9,-702.7,0,4,,30,7509
482,2026-07-22T11:02:36.447810+00:00,204,36.2,28.2,14924,4049,,,,,,,,-46.0,12.25,3.716,-187.7,-697.5,0,4,,30,7509
483,2026-07-22T11:03:13.912526+00:00,247,34.8,30.5,13794,3903,,,,,,,,-46.0,12.25,3.692,-381.3,-1407.8,0,4,,30,7510
484,2026-07-22T11:03:51.369139+00:00,193,34.9,29.8,11769,3708,,,,,,,,-47.0,13.0,3.72,-187.6,-697.9,0,4,,30,7508
485,2026-07-22T11:04:28.814348+00:00,292,34.4,30.6,11285,3671,,,,,,,,-45.0,11.75,3.72,-187.1,-696.0,0,4,,30,7508
486,2026-07-22T11:05:06.281087+00:00,217,34.9,30.1,12173,3777,,,,,,,,-45.0,12.0,3.704,-305.1,-1130.1,0,4,,30,7508
487,2026-07-22T11:05:43.767646+00:00,221,35.6,29.2,12264,3739,,,,,,,,-46.0,12.25,3.72,-187.4,-697.1,0,4,,30,7510
488,2026-07-22T11:06:21.253852+00:00,238,35.8,28.8,12251,3736,,,,,,,,-47.0,12.25,3.716,-187.2,-695.6,0,4,,30,7509
489,2026-07-22T11:06:58.736685+00:00,275,36.0,28.8,8843,3293,,,,,,,,-46.0,12.0,3.72,-185.1,-688.6,0,4,,30,7509
490,2026-07-22T11:07:36.189383+00:00,206,35.8,28.8,8483,3195,,,,,,,,-48.0,12.25,3.72,-184.8,-687.5,0,4,,30,7508
491,2026-07-22T11:08:13.491652+00:00,156,35.2,30.7,15729,5972,,,,,,,,-47.0,13.25,3.72,-186.7,-694.5,0,8,,30,7309
492,2026-07-22T11:08:50.783881+00:00,317,35.6,29.9,15139,5714,,,,,,,,-46.0,11.75,3.704,-301.8,-1117.9,0,8,,30,7309
493,2026-07-22T11:09:28.081227+00:00,220,36.0,29.4,14468,5475,,,,,,,,-46.0,12.0,3.724,-186.1,-693.0,0,8,,30,7310
494,2026-07-22T11:10:05.376122+00:00,265,35.8,30.5,13923,5257,,,,,,,,-46.0,11.75,3.72,-184.8,-687.5,0,8,,30,7314
495,2026-07-22T11:10:42.673286+00:00,195,35.3,30.8,13286,4994,,,,,,,,-46.0,12.75,3.696,-359.9,-1330.2,0,8,,30,7309
496,2026-07-22T11:11:19.937247+00:00,193,35.5,29.8,12818,4802,,,,,,,,-46.0,11.75,3.716,-186.6,-693.4,0,8,,30,7308
497,2026-07-22T11:11:57.201902+00:00,243,35.5,30.2,12571,4695,,,,,,,,-48.0,12.0,3.72,-186.6,-694.2,0,8,,30,7310
498,2026-07-22T11:12:34.495110+00:00,189,35.7,29.8,12505,4680,,,,,,,,-46.0,12.0,3.72,-183.8,-683.7,0,8,,30,7309
499,2026-07-22T11:13:11.764933+00:00,235,35.3,30.0,12395,4664,,,,,,,,-46.0,11.75,3.716,-188.1,-699.0,0,8,,30,7310
500,2026-07-22T11:13:49.055254+00:00,186,35.2,30.5,12324,4653,,,,,,,,-45.0,12.0,3.7,-326.6,-1208.4,0,8,,30,7311
501,2026-07-22T11:14:26.347454+00:00,214,34.2,31.5,12273,4627,,,,,,,,-45.0,11.25,3.72,-185.9,-691.5,0,8,,30,7309
502,2026-07-22T11:15:03.642910+00:00,219,34.1,32.4,12231,4575,,,,,,,,-45.0,11.5,3.716,-186.4,-692.7,0,8,,30,7308
503,2026-07-22T11:15:40.916713+00:00,236,34.6,32.0,12120,4515,,,,,,,,-45.0,12.25,3.716,-186.3,-692.3,0,8,,30,7309
504,2026-07-22T11:16:18.212596+00:00,226,34.0,33.5,12001,4465,,,,,,,,-45.0,12.25,3.72,-184.6,-686.7,0,8,,30,7309
505,2026-07-22T11:16:55.475382+00:00,205,32.8,35.4,11913,4396,,,,,,,,-45.0,12.25,3.7,-301.0,-1113.7,0,8,,30,7310
506,2026-07-22T11:17:32.750393+00:00,245,32.6,34.8,12179,4417,,,,,,,,-47.0,11.5,3.716,-186.0,-691.2,0,8,,30,7309
507,2026-07-22T11:18:10.031473+00:00,209,32.2,34.7,12444,4507,,,,,,,,-46.0,11.75,3.716,-187.0,-694.9,0,8,,30,7310
508,2026-07-22T11:18:47.345587+00:00,190,32.5,34.8,13218,4644,,,,,,,,-45.0,12.25,3.716,-187.5,-696.7,0,8,,30,7311
509,2026-07-22T11:19:24.613292+00:00,207,32.9,34.0,14942,5077,,,,,,,,-45.0,12.25,3.716,-184.5,-685.6,0,8,,30,7310
510,2026-07-22T11:20:02.064262+00:00,205,32.3,34.8,9938,3237,,,,,,,,-45.0,11.75,3.716,-184.3,-684.9,0,4,,30,7510
511,2026-07-22T11:20:39.522445+00:00,270,32.2,35.0,14486,4663,,,,,,,,-46.0,11.75,3.716,-188.5,-700.5,0,4,,30,7510
512,2026-07-22T11:21:17.011666+00:00,251,32.3,34.4,12042,4043,,,,,,,,-45.0,12.25,3.716,-187.5,-696.7,0,4,,30,7509
513,2026-07-22T11:21:54.479810+00:00,237,32.3,35.2,12102,4095,,,,,,,,-45.0,12.25,3.712,-183.8,-682.3,0,4,,30,7508
514,2026-07-22T11:22:31.985194+00:00,252,32.6,35.5,11508,3941,,,,,,,,-46.0,12.25,3.696,-304.4,-1125.1,0,4,,30,7507
515,2026-07-22T11:23:09.500171+00:00,187,32.8,34.1,11031,3828,,,,,,,,-47.0,12.25,3.716,-185.1,-687.8,0,4,,30,7507
516,2026-07-22T11:23:46.985325+00:00,242,32.4,34.9,12132,4099,,,,,,,,-47.0,12.75,3.716,-188.7,-701.2,0,4,,30,7507
517,2026-07-22T11:24:24.470178+00:00,254,32.9,34.8,15534,5200,,,,,,,,-46.0,12.0,3.716,-186.9,-694.5,0,4,,30,7509
518,2026-07-22T11:25:02.140609+00:00,208,32.1,35.6,11323,3792,,,,,,,,-45.0,11.75,3.696,-307.2,-1135.4,0,2,,30,7707
519,2026-07-22T11:25:39.807334+00:00,263,31.8,35.8,13197,4427,,,,,,,,-45.0,12.25,3.716,-186.0,-691.2,0,2,,30,7708
520,2026-07-22T11:26:17.303057+00:00,189,31.7,35.9,15780,5540,,,,,,,,-45.0,11.75,3.712,-188.2,-698.6,0,4,,30,7509
521,2026-07-22T11:26:55.002063+00:00,256,32.5,35.2,8371,2841,,,,,,,,-45.0,12.25,3.712,-187.3,-695.3,0,2,,30,7708
522,2026-07-22T11:27:32.682803+00:00,224,33.5,33.7,10238,3503,,,,,,,,-45.0,11.5,3.712,-186.8,-693.4,0,2,,30,7707
523,2026-07-22T11:28:10.392623+00:00,241,34.0,32.6,9239,3172,,,,,,,,-45.0,11.5,3.696,-305.3,-1128.4,0,2,,30,7707
524,2026-07-22T11:28:48.099554+00:00,173,33.7,33.9,10655,3654,,,,,,,,-45.0,11.75,3.712,-189.6,-703.8,0,2,,30,7709
525,2026-07-22T11:29:25.798989+00:00,149,33.1,33.9,12528,4316,,,,,,,,-45.0,12.0,3.712,-188.3,-699.0,0,2,,30,7709
526,2026-07-22T11:30:03.671051+00:00,189,33.0,34.8,8215,2847,,,,,,,,-47.0,12.5,3.712,-188.7,-700.5,0,1,,30,7909
527,2026-07-22T11:30:41.575476+00:00,213,33.4,34.3,9800,3411,,,,,,,,-45.0,12.25,3.712,-188.2,-698.6,0,1,,30,7905
528,2026-07-22T11:31:19.462995+00:00,233,33.5,34.8,9477,3296,,,,,,,,-45.0,12.5,3.716,-189.5,-704.2,0,1,,30,7906
529,2026-07-22T11:31:57.403048+00:00,208,34.0,32.8,8618,3019,,,,,,,,-45.0,12.0,3.712,-190.2,-706.0,0,1,,30,7908
530,2026-07-22T11:32:35.245094+00:00,315,33.2,33.4,9110,3209,,,,,,,,-46.0,12.25,3.712,-187.2,-694.9,0,1,,30,7906
531,2026-07-22T11:33:12.917485+00:00,208,33.1,33.7,14671,5157,,,,,,,,-46.0,12.25,3.696,-305.2,-1128.0,0,2,,30,7708
532,2026-07-22T11:33:50.599760+00:00,226,33.1,33.7,13555,4773,,,,,,,,-45.0,11.75,3.712,-186.0,-690.4,0,2,,30,7707
533,2026-07-22T11:34:28.305359+00:00,178,33.8,32.5,13946,4923,,,,,,,,-45.0,11.75,3.708,-187.9,-696.7,0,2,,30,7706
534,2026-07-22T11:35:05.983034+00:00,220,34.5,31.5,16017,5701,,,,,,,,-45.0,12.25,3.712,-191.1,-709.4,0,2,,30,7709
535,2026-07-22T11:35:43.681768+00:00,261,35.1,30.5,15039,5351,,,,,,,,-45.0,12.5,3.712,-188.4,-699.3,0,2,,30,7710
536,2026-07-22T11:36:21.385644+00:00,236,35.6,30.0,13286,4725,,,,,,,,-46.0,12.25,3.712,-190.4,-706.8,0,2,,30,7708
537,2026-07-22T11:36:59.074395+00:00,240,35.5,30.6,9272,3202,,,,,,,,-45.0,12.25,3.68,-403.0,-1483.0,0,2,,30,7708
538,2026-07-22T11:37:36.703847+00:00,149,34.6,31.3,8885,3118,,,,,,,,-46.0,11.75,3.712,-187.7,-696.7,0,2,,30,7709
539,2026-07-22T11:38:14.382725+00:00,256,34.2,32.2,9744,3425,,,,,,,,-46.0,12.0,3.712,-190.3,-706.4,0,2,,30,7708
540,2026-07-22T11:38:52.086511+00:00,229,35.2,31.2,12294,4387,,,,,,,,-46.0,12.0,3.712,-188.0,-697.9,0,2,,30,7709
541,2026-07-22T11:39:29.569501+00:00,212,35.7,30.0,16125,5838,,,,,,,,-45.0,12.5,3.692,-303.9,-1122.0,0,4,,30,7510
542,2026-07-22T11:40:07.203086+00:00,259,34.8,31.3,9127,3249,,,,,,,,-46.0,12.25,3.708,-186.1,-690.1,0,2,,30,7708
543,2026-07-22T11:40:44.656880+00:00,278,34.3,31.5,14882,5417,,,,,,,,-46.0,11.75,3.708,-186.0,-689.7,0,4,,30,7510
544,2026-07-22T11:41:22.135869+00:00,188,34.7,31.3,12902,4763,,,,,,,,-46.0,11.75,3.708,-187.5,-695.2,0,4,,30,7509
545,2026-07-22T11:41:59.597919+00:00,221,34.9,30.7,15024,5441,,,,,,,,-45.0,12.25,3.684,-363.5,-1339.1,0,4,,30,7508
546,2026-07-22T11:42:37.054791+00:00,259,34.8,31.0,15147,5573,,,,,,,,-45.0,12.25,3.708,-185.6,-688.2,0,4,,30,7508
547,2026-07-22T11:43:14.552690+00:00,246,34.8,30.8,13590,5005,,,,,,,,-45.0,11.5,3.704,-185.6,-687.5,0,4,,30,7507
548,2026-07-22T11:43:52.219080+00:00,265,35.1,30.7,8583,3050,,,,,,,,-47.0,12.5,3.708,-187.5,-695.2,0,2,,30,7708
549,2026-07-22T11:44:29.893489+00:00,230,34.7,30.9,8575,3060,,,,,,,,-45.0,12.0,3.692,-327.9,-1210.6,0,2,,30,7708
550,2026-07-22T11:45:07.555077+00:00,220,34.2,31.7,9344,3315,,,,,,,,-45.0,11.75,3.708,-188.6,-699.3,0,2,,30,7709
551,2026-07-22T11:45:45.219527+00:00,207,34.2,32.0,9408,3351,,,,,,,,-45.0,12.0,3.704,-185.5,-687.1,0,2,,30,7707
552,2026-07-22T11:46:22.880501+00:00,216,33.3,33.4,9453,3370,,,,,,,,-45.0,11.75,3.708,-187.0,-693.4,0,2,,30,7711
553,2026-07-22T11:47:00.568228+00:00,227,33.7,32.7,9847,3490,,,,,,,,-46.0,11.75,3.708,-189.7,-703.4,0,2,,30,7709
554,2026-07-22T11:47:38.212298+00:00,217,33.5,32.9,9781,3453,,,,,,,,-48.0,12.25,3.688,-321.9,-1187.2,0,2,,30,7710
555,2026-07-22T11:48:15.701703+00:00,193,33.8,31.8,15866,5633,,,,,,,,-45.0,12.0,3.708,-187.0,-693.4,0,4,,30,7510
556,2026-07-22T11:48:53.395461+00:00,242,34.0,32.7,8932,3169,,,,,,,,-45.0,12.0,3.708,-186.9,-693.0,0,2,,30,7707
557,2026-07-22T11:49:31.086397+00:00,213,34.1,32.5,8626,3057,,,,,,,,-46.0,11.75,3.708,-187.1,-693.8,0,2,,30,7708
558,2026-07-22T11:50:08.799991+00:00,197,35.3,30.6,8380,2973,,,,,,,,-46.0,12.5,3.708,-188.3,-698.2,0,2,,30,7710
559,2026-07-22T11:50:46.273068+00:00,231,35.5,30.1,14779,5314,,,,,,,,-45.0,11.75,3.708,-186.9,-693.0,0,4,,30,7509
560,2026-07-22T11:51:23.735951+00:00,213,35.0,31.2,14345,5196,,,,,,,,-46.0,11.75,3.708,-187.9,-696.7,0,4,,30,7510
561,2026-07-22T11:52:01.213590+00:00,262,34.6,31.0,12481,4537,,,,,,,,-43.0,11.5,3.708,-191.0,-708.2,0,4,,30,7508
562,2026-07-22T11:52:38.690468+00:00,237,35.1,30.3,11831,4306,,,,,,,,-45.0,12.25,3.68,-348.2,-1281.4,0,4,,30,7507
563,2026-07-22T11:53:16.154646+00:00,192,34.6,31.8,11400,4152,,,,,,,,-45.0,12.25,3.708,-188.3,-698.2,0,4,,30,7509
564,2026-07-22T11:53:53.656920+00:00,214,35.1,30.8,11118,4050,,,,,,,,-47.0,13.0,3.704,-186.7,-691.5,0,4,,30,7509
565,2026-07-22T11:54:31.127721+00:00,195,35.7,30.4,10800,3930,,,,,,,,-46.0,12.25,3.688,-302.8,-1116.7,0,4,,30,7508
566,2026-07-22T11:55:08.616718+00:00,360,35.7,29.6,10538,3844,,,,,,,,-47.0,12.5,3.704,-188.6,-698.6,0,4,,30,7510
567,2026-07-22T11:55:46.087440+00:00,267,35.4,30.3,10286,3758,,,,,,,,-46.0,12.25,3.708,-186.3,-690.8,0,4,,30,7508
568,2026-07-22T11:56:23.570382+00:00,271,35.2,30.1,10020,3664,,,,,,,,-45.0,5.75,3.7,-188.8,-698.6,0,4,,30,7511
569,2026-07-22T11:57:01.041903+00:00,220,35.2,30.5,9716,3536,,,,,,,,-47.0,12.25,3.676,-382.9,-1407.5,0,4,,30,7509
570,2026-07-22T11:57:38.513590+00:00,188,35.6,30.0,9386,3389,,,,,,,,-45.0,12.0,3.704,-187.8,-695.6,0,4,,30,7508
571,2026-07-22T11:58:15.958940+00:00,229,35.5,29.7,9000,3242,,,,,,,,-45.0,11.75,3.708,-187.8,-696.4,0,4,,30,7509
572,2026-07-22T11:58:53.427758+00:00,247,35.4,29.5,8633,3105,,,,,,,,-44.0,13.0,3.688,-303.5,-1119.3,0,4,,30,7508
573,2026-07-22T11:59:30.674173+00:00,232,33.7,31.3,15979,5846,,,,,,,,-45.0,12.5,3.704,-187.5,-694.5,0,8,,30,7313
574,2026-07-22T12:00:07.966012+00:00,188,32.9,32.5,15418,5643,,,,,,,,-45.0,12.5,3.704,-185.6,-687.5,0,8,,30,7313
575,2026-07-22T12:00:45.227539+00:00,201,32.6,32.9,15061,5542,,,,,,,,-46.0,11.75,3.7,-184.7,-683.4,0,8,,30,7309
576,2026-07-22T12:01:22.526290+00:00,229,33.0,32.9,14740,5469,,,,,,,,-45.0,12.75,3.7,-185.0,-684.5,0,8,,30,7311
577,2026-07-22T12:01:59.802298+00:00,252,33.5,32.1,14373,5371,,,,,,,,-45.0,13.0,3.688,-299.4,-1104.2,0,8,,30,7310
578,2026-07-22T12:02:37.082207+00:00,249,33.8,32.1,13944,5204,,,,,,,,-45.0,12.25,3.7,-186.0,-688.2,0,8,,30,7309
579,2026-07-22T12:07:55.865046+00:00,253,31.3,36.0,11453,4270,,,,,,,,-46.0,12.25,3.7,-187.7,-694.5,0,8,,30,7310
580,2026-07-22T12:08:33.168239+00:00,171,31.9,35.1,11367,4209,,,,,,,,-45.0,11.75,3.7,-184.3,-681.9,0,8,,30,7310
581,2026-07-22T12:09:10.479987+00:00,240,32.5,34.1,11301,4170,,,,,,,,-47.0,11.75,3.7,-188.7,-698.2,0,8,,30,7310
582,2026-07-22T12:09:47.755971+00:00,264,33.0,33.3,11361,4205,,,,,,,,-49.0,12.5,3.7,-186.8,-691.2,0,8,,30,7309
583,2026-07-22T12:10:25.060592+00:00,158,33.2,33.6,11566,4287,,,,,,,,-47.0,12.25,3.7,-187.7,-694.5,0,8,,30,7309
584,2026-07-22T12:11:02.344686+00:00,231,33.5,32.6,11869,4428,,,,,,,,-47.0,13.0,3.684,-302.6,-1114.8,0,8,,30,7310
585,2026-07-22T12:11:39.610791+00:00,227,33.8,32.5,12122,4523,,,,,,,,-46.0,12.0,3.7,-189.8,-702.3,0,8,,30,7308
586,2026-07-22T12:12:16.900535+00:00,226,33.5,33.1,12463,4713,,,,,,,,-47.0,13.0,3.7,-186.7,-690.8,0,8,,30,7310
587,2026-07-22T12:12:54.183683+00:00,234,32.3,33.7,12829,4912,,,,,,,,-47.0,11.75,3.7,-186.1,-688.6,0,8,,30,7309
588,2026-07-22T12:13:31.467039+00:00,201,31.7,34.7,13319,5232,,,,,,,,-46.0,12.5,3.7,-188.1,-696.0,0,8,,30,7308
589,2026-07-22T12:14:08.760274+00:00,285,32.2,35.6,13923,5642,,,,,,,,-46.0,12.25,3.7,-188.8,-698.6,0,8,,30,7309
590,2026-07-22T12:14:46.048640+00:00,219,33.2,33.7,14833,6257,,,,,,,,-45.0,12.0,3.704,-187.1,-693.0,0,8,,30,7310
591,2026-07-22T12:15:23.512460+00:00,214,33.5,32.0,8275,3472,,,,,,,,-48.0,12.0,3.7,-185.7,-687.1,0,4,,30,7507
592,2026-07-22T12:16:00.975130+00:00,227,33.6,33.0,8905,3741,,,,,,,,-46.0,11.5,3.696,-188.0,-694.8,0,4,,30,7507
593,2026-07-22T12:16:38.477997+00:00,187,33.7,32.8,9467,3968,,,,,,,,-46.0,12.25,3.7,-190.4,-704.5,0,4,,30,7510
594,2026-07-22T12:17:15.955616+00:00,186,33.6,32.3,9912,4116,,,,,,,,-47.0,12.25,3.696,-188.5,-696.7,0,4,,30,7508
595,2026-07-22T12:17:53.448678+00:00,243,34.5,30.8,10357,4312,,,,,,,,-46.0,12.0,3.7,-187.1,-692.3,0,4,,30,7510
596,2026-07-22T12:18:30.956923+00:00,243,35.6,29.4,10802,4522,,,,,,,,-46.0,12.0,3.68,-311.0,-1144.5,0,4,,30,7508
597,2026-07-22T12:19:08.427668+00:00,173,34.9,29.7,11265,4747,,,,,,,,-46.0,12.0,3.7,-187.3,-693.0,0,4,,30,7509
598,2026-07-22T12:19:45.900986+00:00,258,35.1,30.1,11558,4796,,,,,,,,-45.0,12.0,3.696,-190.5,-704.1,0,4,,30,7509
599,2026-07-22T12:20:23.354766+00:00,273,35.3,29.2,11742,4841,,,,,,,,-47.0,12.75,3.696,-187.1,-691.5,0,4,,30,7507
600,2026-07-22T12:21:00.825938+00:00,242,35.6,29.0,11946,4966,,,,,,,,-48.0,12.5,3.7,-187.4,-693.4,0,4,,30,7508
601,2026-07-22T12:21:38.326908+00:00,181,36.2,28.0,12058,4959,,,,,,,,-47.0,12.75,3.696,-191.7,-708.5,0,4,,30,7509
602,2026-07-22T12:22:15.820623+00:00,268,37.0,27.4,12109,4962,,,,,,,,-47.0,12.5,3.692,-191.3,-706.3,0,4,,30,7509
603,2026-07-22T12:22:53.293675+00:00,251,37.3,27.7,11943,4801,,,,,,,,-47.0,12.25,3.676,-348.6,-1281.5,0,4,,30,7509
604,2026-07-22T12:23:30.771784+00:00,195,37.7,27.2,11902,4842,,,,,,,,-46.0,12.25,3.696,-188.7,-697.4,0,4,,30,7511
605,2026-07-22T12:24:08.273294+00:00,241,37.8,27.0,11838,4801,,,,,,,,-46.0,12.0,3.696,-189.6,-700.8,0,4,,30,7509
606,2026-07-22T12:24:45.751375+00:00,234,38.2,25.9,11717,4730,,,,,,,,-46.0,12.0,3.676,-309.2,-1136.6,0,4,,30,7509
607,2026-07-22T12:25:23.219112+00:00,241,38.3,26.8,11622,4665,,,,,,,,-46.0,12.0,3.696,-189.5,-700.4,0,4,,30,7510
608,2026-07-22T12:26:00.680472+00:00,205,36.4,29.0,11545,4628,,,,,,,,-48.0,11.75,3.7,-188.5,-697.5,0,4,,30,7507
609,2026-07-22T12:26:38.144162+00:00,205,35.5,30.6,11499,4592,,,,,,,,-48.0,12.5,3.696,-192.3,-710.7,0,4,,30,7510
610,2026-07-22T12:27:15.593147+00:00,259,34.0,31.6,11531,4604,,,,,,,,-47.0,12.0,3.696,-190.7,-704.8,0,4,,30,7507
611,2026-07-22T12:32:36.029968+00:00,246,37.3,27.0,11834,4763,,,,,,,,-47.0,12.0,3.696,-189.2,-699.3,0,4,,30,7506
612,2026-07-22T12:33:13.523965+00:00,254,37.3,27.4,11831,4766,,,,,,,,-47.0,12.5,3.696,-191.6,-708.2,0,4,,30,7510
613,2026-07-22T12:33:51.001009+00:00,268,37.6,26.8,11837,4764,,,,,,,,-48.0,12.5,3.676,-308.0,-1132.2,0,4,,30,7509
614,2026-07-22T12:34:28.493260+00:00,275,37.6,26.8,11826,4776,,,,,,,,-47.0,12.25,3.692,-193.0,-712.6,0,4,,30,7510
615,2026-07-22T12:35:05.964573+00:00,218,37.8,25.7,11848,4816,,,,,,,,-49.0,12.5,3.696,-190.3,-703.3,0,4,,30,7507
616,2026-07-22T12:35:43.437867+00:00,240,37.9,25.5,11837,4838,,,,,,,,-48.0,12.5,3.692,-193.2,-713.3,0,4,,30,7508
617,2026-07-22T12:36:20.901064+00:00,264,38.1,25.4,11811,4856,,,,,,,,-47.0,12.5,3.696,-189.4,-700.0,0,4,,30,7507
618,2026-07-22T12:36:58.402620+00:00,222,38.8,25.0,11749,4820,,,,,,,,-47.0,12.5,3.696,-192.0,-709.6,0,4,,30,7509
619,2026-07-22T12:37:35.879166+00:00,302,39.0,24.8,11685,4804,,,,,,,,-46.0,11.5,3.692,-190.8,-704.4,0,4,,30,7509
620,2026-07-22T12:38:13.324430+00:00,199,38.5,25.1,11802,4980,,,,,,,,-48.0,11.75,3.692,-191.8,-708.1,0,4,,30,7507
621,2026-07-22T12:38:51.012531+00:00,113,38.8,25.0,5948,2557,,,,,,,,-48.0,13.25,3.692,-189.2,-698.5,0,2,,30,7707
622,2026-07-22T12:39:28.693559+00:00,232,39.0,25.1,6000,2612,,,,,,,,-46.0,12.25,3.692,-191.4,-706.6,0,2,,30,7708
623,2026-07-22T12:40:06.375459+00:00,,,,,,,,,,,,,-46.0,12.25,,,,,,,,
624,2026-07-22T12:40:43.862784+00:00,161,39.6,24.6,10872,3752,,,,,,,,-45.0,12.0,3.676,-329.7,-1212.0,0,4,,30,7509
625,2026-07-22T12:41:21.312088+00:00,141,38.6,25.3,10755,3619,,,,,,,,-45.0,12.5,3.692,-189.6,-700.0,0,4,,30,7509
626,2026-07-22T12:41:58.748294+00:00,233,38.2,25.4,10658,3525,,,,,,,,-46.0,12.0,3.692,-190.4,-703.0,0,4,,30,7509
627,2026-07-22T12:42:36.205076+00:00,189,37.8,27.0,10576,3470,,,,,,,,-47.0,13.0,3.672,-312.2,-1146.4,0,4,,30,7510
628,2026-07-22T12:43:13.689585+00:00,311,37.5,27.0,10479,3412,,,,,,,,-46.0,11.75,3.692,-188.7,-696.7,0,4,,30,7510
629,2026-07-22T12:43:51.169535+00:00,281,37.4,27.2,10281,3329,,,,,,,,-47.0,13.25,3.692,-191.5,-707.0,0,4,,30,7510
630,2026-07-22T12:44:28.641240+00:00,237,37.5,26.9,9993,3194,,,,,,,,-47.0,12.25,3.676,-189.2,-695.5,0,4,,30,7509
631,2026-07-22T12:45:06.128099+00:00,206,37.5,27.6,9726,3103,,,,,,,,-45.0,12.0,3.692,-189.5,-699.6,0,4,,30,7509
632,2026-07-22T12:45:43.607872+00:00,213,37.2,27.2,9542,3065,,,,,,,,-45.0,12.25,3.692,-188.9,-697.4,0,4,,30,7508
633,2026-07-22T12:46:21.081303+00:00,227,36.0,27.8,9375,3049,,,,,,,,-46.0,12.5,3.688,-189.3,-698.1,0,4,,30,7510
634,2026-07-22T12:46:58.556719+00:00,279,35.2,28.7,9171,2964,,,,,,,,-47.0,12.25,3.66,-403.7,-1477.5,0,4,,30,7509
635,2026-07-22T12:47:36.032467+00:00,288,34.4,30.6,8971,2892,,,,,,,,-47.0,13.25,3.692,-190.4,-703.0,0,4,,30,7510
636,2026-07-22T12:48:13.530100+00:00,236,34.4,30.2,8815,2846,,,,,,,,-47.0,12.5,3.688,-188.6,-695.6,0,4,,30,7508
637,2026-07-22T12:48:51.023752+00:00,246,34.8,30.4,8569,2783,,,,,,,,-47.0,12.25,3.672,-308.0,-1131.0,0,4,,30,7507
638,2026-07-22T12:49:28.284180+00:00,283,33.4,30.6,15952,5376,,,,,,,,-47.0,13.25,3.688,-190.2,-701.5,0,8,,30,7311
639,2026-07-22T12:50:05.740697+00:00,239,32.1,32.3,8521,3066,,,,,,,,-46.0,12.0,3.692,-188.1,-694.5,0,4,,30,7508
640,2026-07-22T12:50:43.242170+00:00,284,32.0,34.0,9338,3898,,,,,,,,-48.0,12.5,3.672,-305.5,-1121.8,0,4,,30,7509
641,2026-07-22T12:51:20.785620+00:00,341,33.1,32.3,9652,3939,,,,,,,,-46.0,11.75,3.688,-189.9,-700.4,0,4,,30,7510
642,2026-07-22T12:51:58.277249+00:00,186,34.1,29.8,10023,4052,,,,,,,,-46.0,12.25,3.692,-187.9,-693.7,0,4,,30,7508
643,2026-07-22T12:52:35.772037+00:00,251,35.1,29.3,10307,4204,,,,,,,,-46.0,12.5,3.688,-192.7,-710.7,0,4,,30,7510
644,2026-07-22T12:53:13.247757+00:00,207,36.4,26.6,10192,4079,,,,,,,,-48.0,12.0,3.664,-383.4,-1404.8,0,4,,30,7510
645,2026-07-22T12:53:50.724850+00:00,255,36.6,26.2,10185,4063,,,,,,,,-46.0,12.0,3.688,-188.9,-696.7,0,4,,30,7509
646,2026-07-22T12:54:28.242727+00:00,273,36.7,26.0,10293,4211,,,,,,,,-47.0,12.75,3.688,-190.4,-702.2,0,4,,30,7510
647,2026-07-22T12:55:05.742076+00:00,283,36.8,26.0,10362,4286,,,,,,,,-48.0,12.5,3.672,-309.6,-1136.9,0,4,,30,7509
648,2026-07-22T12:55:43.218018+00:00,233,35.9,27.5,10477,4317,,,,,,,,-46.0,12.75,3.688,-188.5,-695.2,0,4,,30,7510
649,2026-07-22T12:56:20.728131+00:00,186,36.1,27.8,10730,4457,,,,,,,,-46.0,12.25,3.688,-189.0,-697.0,0,4,,30,7510
650,2026-07-22T12:56:58.243496+00:00,316,36.8,26.6,10848,4415,,,,,,,,-46.0,12.25,3.688,-191.5,-706.3,0,4,,30,7509
651,2026-07-22T12:57:35.706424+00:00,217,37.2,25.5,11109,4522,,,,,,,,-45.0,12.25,3.688,-191.3,-705.5,0,4,,30,7508
652,2026-07-22T12:58:13.131029+00:00,238,35.5,26.9,11085,4360,,,,,,,,-46.0,12.0,3.692,-191.3,-706.3,0,4,,30,7510
653,2026-07-22T12:58:50.613731+00:00,293,34.6,30.2,10946,4204,,,,,,,,-48.0,12.0,3.688,-190.7,-703.3,0,4,,30,7510
654,2026-07-22T12:59:28.119083+00:00,306,35.1,27.6,11015,4325,,,,,,,,-45.0,12.5,3.664,-367.1,-1345.1,0,4,,30,7510
655,2026-07-22T13:00:05.602129+00:00,210,35.8,27.3,10914,4205,,,,,,,,-46.0,12.75,3.692,-189.7,-700.4,0,4,,30,7508
656,2026-07-22T13:00:43.068458+00:00,237,36.3,26.5,10938,4201,,,,,,,,-45.0,12.25,3.688,-188.0,-693.3,0,4,,30,7507
657,2026-07-22T13:01:20.550536+00:00,184,36.0,27.8,11090,4329,,,,,,,,-46.0,12.0,3.672,-310.3,-1139.4,0,4,,30,7509
658,2026-07-22T13:01:58.040256+00:00,188,35.9,28.2,11313,4567,,,,,,,,-46.0,12.25,3.684,-192.5,-709.2,0,4,,30,7508
659,2026-07-22T13:02:35.550144+00:00,234,37.1,27.0,11368,4601,,,,,,,,-47.0,13.0,3.688,-193.5,-713.6,0,4,,30,7510
660,2026-07-22T13:03:13.040998+00:00,158,38.3,25.5,11328,4512,,,,,,,,-46.0,13.0,3.688,-192.1,-708.5,0,4,,30,7510
661,2026-07-22T13:03:50.517955+00:00,213,38.9,24.4,11262,4445,,,,,,,,-47.0,12.25,3.688,-191.7,-707.0,0,4,,30,7508
662,2026-07-22T13:04:28.010461+00:00,215,38.7,25.1,11276,4522,,,,,,,,-46.0,12.75,3.688,-192.6,-710.3,0,4,,30,7508
663,2026-07-22T13:05:05.475115+00:00,266,38.9,24.4,11123,4349,,,,,,,,-48.0,13.0,3.684,-189.4,-697.7,0,4,,30,7508
664,2026-07-22T13:05:42.923091+00:00,256,37.1,27.2,10806,4073,,,,,,,,-48.0,12.75,3.688,-193.2,-712.5,0,4,,30,7509
665,2026-07-22T13:06:20.400608+00:00,276,36.5,26.4,10430,3841,,,,,,,,-46.0,11.75,3.688,-189.6,-699.2,0,4,,30,7509
666,2026-07-22T13:06:57.888727+00:00,265,36.4,27.1,10045,3657,,,,,,,,-47.0,12.75,3.688,-188.4,-694.8,0,4,,30,7510
667,2026-07-22T13:07:35.345272+00:00,225,36.8,26.9,9710,3535,,,,,,,,-48.0,12.0,3.668,-328.9,-1206.4,0,4,,30,7511
668,2026-07-22T13:08:12.818162+00:00,240,36.7,27.0,9262,3333,,,,,,,,-45.0,11.75,3.688,-187.9,-693.0,0,4,,30,7510
669,2026-07-22T13:08:50.306339+00:00,261,37.3,26.3,8772,3152,,,,,,,,-48.0,12.25,3.688,-192.7,-710.7,0,4,,30,7508
670,2026-07-22T13:09:27.584979+00:00,178,36.9,26.1,16040,5865,,,,,,,,-47.0,13.0,3.668,-339.7,-1246.0,0,8,,30,7310
671,2026-07-22T13:10:04.832235+00:00,330,36.0,27.3,15407,5610,,,,,,,,-47.0,12.5,3.688,-187.3,-690.8,0,8,,30,7309
672,2026-07-22T13:10:42.082852+00:00,187,35.2,28.1,15067,5491,,,,,,,,-48.0,12.5,3.684,-188.7,-695.2,0,8,,30,7310
673,2026-07-22T13:11:19.378702+00:00,208,34.6,28.7,14902,5412,,,,,,,,-47.0,12.75,3.684,-188.6,-694.8,0,8,,30,7310
674,2026-07-22T13:11:56.666536+00:00,225,33.9,30.3,14799,5417,,,,,,,,-47.0,12.25,3.684,-189.8,-699.2,0,8,,30,7311
675,2026-07-22T13:12:33.946242+00:00,254,34.1,29.4,14839,5462,,,,,,,,-46.0,12.0,3.668,-330.8,-1213.4,0,8,,30,7310
676,2026-07-22T13:13:11.208722+00:00,213,34.3,29.1,14970,5475,,,,,,,,-48.0,12.25,3.684,-188.0,-692.6,0,8,,30,7309
677,2026-07-22T13:13:48.457373+00:00,227,34.1,29.8,15418,5610,,,,,,,,-47.0,12.0,3.688,-188.4,-694.8,0,8,,30,7309
678,2026-07-22T13:14:25.716145+00:00,229,33.6,30.1,15843,5732,,,,,,,,-47.0,12.5,3.684,-186.9,-688.5,0,8,,30,7310
679,2026-07-22T13:15:03.011100+00:00,277,33.2,30.6,16080,5819,,,,,,,,-48.0,11.75,3.684,-187.6,-691.1,0,8,,30,7310
680,2026-07-22T13:15:40.292722+00:00,270,33.9,30.6,16162,5867,,,,,,,,-45.0,12.75,3.668,-323.7,-1187.3,0,8,,30,7312
681,2026-07-22T13:16:17.587270+00:00,225,33.9,29.8,16067,5855,,,,,,,,-44.0,11.75,3.684,-191.0,-703.6,0,8,,30,7309
682,2026-07-22T13:16:54.876213+00:00,174,34.3,29.9,15850,5825,,,,,,,,-46.0,12.0,3.684,-187.1,-689.3,0,8,,30,7309
683,2026-07-22T13:17:32.143195+00:00,232,34.8,29.4,15611,5790,,,,,,,,-46.0,12.25,3.684,-191.2,-704.4,0,8,,30,7310
684,2026-07-22T13:18:09.413626+00:00,233,34.2,28.8,15405,5717,,,,,,,,-46.0,12.25,3.684,-187.5,-690.7,0,8,,30,7309
685,2026-07-22T13:18:46.691142+00:00,261,34.0,29.3,15273,5653,,,,,,,,-46.0,12.25,3.668,-310.8,-1140.0,0,8,,30,7311
686,2026-07-22T13:19:23.971861+00:00,240,33.9,29.2,15217,5650,,,,,,,,-48.0,12.0,3.684,-190.8,-702.9,0,8,,30,7311
687,2026-07-22T13:20:01.266837+00:00,242,33.4,29.8,15225,5716,,,,,,,,-46.0,12.0,3.684,-187.6,-691.1,0,8,,30,7310
688,2026-07-22T13:20:38.761953+00:00,264,33.6,30.0,8990,4190,,,,,,,,-46.0,12.25,3.66,-335.8,-1229.0,0,4,,30,7509
689,2026-07-22T13:21:16.311998+00:00,184,33.7,29.4,9130,4281,,,,,,,,-46.0,12.5,3.684,-191.6,-705.9,0,4,,30,7511
690,2026-07-22T13:21:53.615581+00:00,277,33.9,29.6,15855,6116,,,,,,,,-46.0,12.5,3.68,-188.2,-692.6,0,8,,30,7311
691,2026-07-22T13:22:30.895943+00:00,281,34.2,28.8,16165,6522,,,,,,,,-47.0,12.5,3.652,-418.1,-1526.9,0,8,,30,7309
692,2026-07-22T13:23:08.578983+00:00,273,34.9,28.6,4568,2146,,,,,,,,-46.0,11.75,3.68,-191.1,-703.2,0,2,,30,7707
693,2026-07-22T13:23:45.871691+00:00,176,35.5,28.0,16018,6394,,,,,,,,-46.0,13.25,3.68,-192.7,-709.1,0,8,,30,7312
694,2026-07-22T13:24:23.096630+00:00,224,34.0,30.2,15947,6178,,,,,,,,-46.0,12.75,3.68,-188.1,-692.2,0,8,,30,7309
695,2026-07-22T13:25:00.387061+00:00,234,34.6,29.1,15924,6218,,,,,,,,-46.0,12.5,3.684,-191.2,-704.4,0,8,,30,7312
696,2026-07-22T13:25:37.885377+00:00,249,35.8,28.1,8537,3607,,,,,,,,-46.0,12.0,3.68,-191.7,-705.5,0,4,,30,7508
697,2026-07-22T13:30:58.053583+00:00,209,36.8,26.8,7581,3394,,,,,,,,-46.0,12.0,3.66,-358.2,-1311.0,0,4,,30,7510
698,2026-07-22T13:31:35.542315+00:00,165,36.7,26.2,7493,3416,,,,,,,,-47.0,13.0,3.68,-191.6,-705.1,0,4,,30,7508
699,2026-07-22T13:32:13.029556+00:00,243,37.3,25.7,7271,3251,,,,,,,,-46.0,12.0,3.68,-189.5,-697.4,0,4,,30,7510
700,2026-07-22T13:32:50.480368+00:00,223,37.3,25.8,7250,3270,,,,,,,,-45.0,12.25,3.66,-310.2,-1135.3,0,4,,30,7508
701,2026-07-22T13:33:27.944161+00:00,239,37.0,25.8,7192,3167,,,,,,,,-48.0,12.5,3.68,-190.2,-699.9,0,4,,30,7510
702,2026-07-22T13:34:05.436678+00:00,248,36.7,26.4,7397,3424,,,,,,,,-46.0,12.0,3.68,-189.4,-697.0,0,4,,30,7509
703,2026-07-22T13:34:42.910093+00:00,260,37.3,25.7,7390,3353,,,,,,,,-46.0,12.0,3.684,-191.4,-705.1,0,4,,30,7508
704,2026-07-22T13:35:20.397340+00:00,304,37.8,24.9,7496,3423,,,,,,,,-45.0,12.75,3.68,-191.8,-705.8,0,4,,30,7511
705,2026-07-22T13:35:57.906353+00:00,246,38.0,24.9,7536,3325,,,,,,,,-47.0,12.25,3.676,-190.6,-700.6,0,4,,30,7508
706,2026-07-22T13:36:35.386590+00:00,243,38.3,24.6,7513,3221,,,,,,,,-47.0,13.0,3.68,-194.3,-715.0,0,4,,30,7507
707,2026-07-22T13:37:12.874633+00:00,233,38.9,24.1,7565,3321,,,,,,,,-45.0,12.75,3.656,-360.7,-1318.7,0,4,,30,7508
708,2026-07-22T13:37:50.192124+00:00,234,39.0,23.8,13269,5012,,,,,,,,-46.0,12.0,3.68,-191.3,-704.0,0,8,,30,7309
709,2026-07-22T13:38:27.414435+00:00,208,37.9,25.0,13246,4740,,,,,,,,-46.0,12.0,3.676,-189.4,-696.2,0,8,,30,7311
710,2026-07-22T13:39:04.690178+00:00,249,37.8,25.3,13580,4761,,,,,,,,-45.0,12.25,3.684,-191.5,-705.5,0,8,,30,7309
711,2026-07-22T13:39:41.963984+00:00,250,37.5,25.9,13863,4790,,,,,,,,-46.0,13.25,3.68,-191.3,-704.0,0,8,,30,7311
712,2026-07-22T13:40:19.187259+00:00,225,36.8,26.2,14089,4831,,,,,,,,-47.0,12.75,3.68,-188.8,-694.8,0,8,,30,7311
713,2026-07-22T13:40:56.654646+00:00,355,36.7,26.2,7915,3259,,,,,,,,-45.0,12.25,3.68,-189.1,-695.9,0,4,,30,7507
714,2026-07-22T13:41:33.931679+00:00,256,36.4,26.2,13311,4634,,,,,,,,-46.0,12.25,3.68,-188.2,-692.6,0,8,,30,7311
715,2026-07-22T13:42:11.217684+00:00,249,36.0,27.3,12674,4437,,,,,,,,-45.0,12.75,3.676,-188.4,-692.6,0,8,,30,7310
716,2026-07-22T13:42:48.523831+00:00,235,36.1,27.6,12272,4305,,,,,,,,-45.0,12.0,3.676,-190.2,-699.2,0,8,,30,7311
717,2026-07-22T13:43:25.804465+00:00,241,36.1,27.2,12054,4206,,,,,,,,-45.0,12.0,3.66,-320.4,-1172.7,0,8,,30,7310
718,2026-07-22T13:44:03.077413+00:00,185,35.7,28.0,11815,4090,,,,,,,,-47.0,11.5,3.68,-188.7,-694.4,0,8,,30,7309
719,2026-07-22T13:44:40.360440+00:00,202,36.0,27.0,11519,3958,,,,,,,,-45.0,12.75,3.68,-190.0,-699.2,0,8,,30,7311
720,2026-07-22T13:45:17.632992+00:00,244,36.3,26.5,11283,3865,,,,,,,,-46.0,12.0,3.68,-187.1,-688.5,0,8,,30,7310
721,2026-07-22T13:45:54.929091+00:00,206,35.8,27.8,11130,3813,,,,,,,,-45.0,12.5,3.676,-188.6,-693.3,0,8,,30,7311
722,2026-07-22T13:46:32.201246+00:00,,,,,,,,,,,,,-46.0,12.5,,,,,,,,
723,2026-07-22T13:47:09.472365+00:00,177,35.1,29.7,10974,3847,,,,,,,,-47.0,12.5,3.68,-188.9,-695.2,0,8,,30,7311
724,2026-07-22T13:47:46.939590+00:00,269,35.7,28.1,6477,2779,,,,,,,,-46.0,12.0,3.676,-188.8,-694.0,0,4,,30,7509
725,2026-07-22T13:48:24.250494+00:00,230,36.4,27.0,12223,5109,,,,,,,,-46.0,12.5,3.644,-427.9,-1559.3,0,8,,30,7313
726,2026-07-22T13:49:01.551847+00:00,154,36.7,27.5,12023,4949,,,,,,,,-45.0,12.0,3.676,-193.2,-710.2,0,8,,30,7311
727,2026-07-22T13:49:38.842417+00:00,261,37.0,27.3,11406,4464,,,,,,,,-45.0,11.75,3.676,-192.5,-707.6,0,8,,30,7310
728,2026-07-22T13:50:16.099577+00:00,191,36.3,27.1,10603,3706,,,,,,,,-45.0,11.75,3.676,-187.8,-690.4,0,8,,30,7309
729,2026-07-22T13:50:53.339853+00:00,312,35.7,27.4,10341,3600,,,,,,,,-47.0,12.75,3.676,-189.4,-696.2,0,8,,30,7309
730,2026-07-22T13:51:30.617706+00:00,247,35.4,27.7,10130,3531,,,,,,,,-47.0,12.5,3.676,-187.8,-690.4,0,8,,30,7309
731,2026-07-22T13:52:07.885840+00:00,216,35.4,27.9,10023,3524,,,,,,,,-47.0,12.5,3.676,-188.0,-691.1,0,8,,30,7310
732,2026-07-22T13:52:45.167712+00:00,256,36.0,27.7,9983,3558,,,,,,,,-45.0,12.0,3.66,-305.5,-1118.1,0,8,,30,7311
733,2026-07-22T13:53:22.454505+00:00,216,35.6,28.6,10016,3621,,,,,,,,-44.0,12.25,3.676,-188.1,-691.5,0,8,,30,7312
734,2026-07-22T13:53:59.741646+00:00,248,35.5,28.4,11082,4744,,,,,,,,-45.0,12.75,3.676,-188.8,-694.0,0,8,,30,7309
735,2026-07-22T13:54:37.085352+00:00,241,36.2,27.4,11108,4828,,,,,,,,-45.0,12.75,3.652,-359.2,-1311.8,0,8,,30,7312
736,2026-07-22T13:55:14.403542+00:00,171,36.1,27.7,10014,3746,,,,,,,,-44.0,12.5,3.676,-188.2,-691.8,0,8,,30,7310
737,2026-07-22T13:55:51.680655+00:00,198,36.2,27.0,10140,3934,,,,,,,,-47.0,12.5,3.676,-191.8,-705.1,0,8,,30,7311
738,2026-07-22T13:56:28.956647+00:00,267,36.3,27.7,10220,4100,,,,,,,,-48.0,13.0,3.676,-190.1,-698.8,0,8,,30,7311
739,2026-07-22T13:57:06.221593+00:00,196,36.6,27.2,10898,4843,,,,,,,,-48.0,11.75,3.676,-191.9,-705.4,0,8,,30,7310
740,2026-07-22T13:57:43.524467+00:00,194,37.1,26.3,10971,4907,,,,,,,,-48.0,13.0,3.656,-331.7,-1212.7,0,8,,30,7310
741,2026-07-22T13:58:20.824159+00:00,179,36.9,26.4,10923,4965,,,,,,,,-45.0,12.25,3.676,-189.8,-697.7,0,8,,30,7309
742,2026-07-22T13:58:58.151200+00:00,234,37.4,26.1,11039,5197,,,,,,,,-46.0,12.25,3.676,-192.0,-705.8,0,8,,30,7311
743,2026-07-22T13:59:35.424875+00:00,274,37.9,25.1,10597,4899,,,,,,,,-46.0,11.75,3.676,-192.1,-706.2,0,8,,30,7311
744,2026-07-22T14:00:12.699810+00:00,255,37.6,25.3,9780,4246,,,,,,,,-45.0,13.0,3.676,-192.6,-708.0,0,8,,30,7311
745,2026-07-22T14:00:50.006163+00:00,220,37.4,26.9,10560,5230,,,,,,,,-47.0,12.75,3.66,-331.8,-1214.4,0,8,,30,7311
746,2026-07-22T14:01:27.276413+00:00,238,37.6,26.7,10178,4889,,,,,,,,-45.0,12.25,3.672,-193.3,-709.8,0,8,,30,7309
747,2026-07-22T14:02:04.596737+00:00,271,38.4,25.7,10222,5046,,,,,,,,-47.0,12.5,3.672,-194.0,-712.4,0,8,,30,7310
748,2026-07-22T14:02:41.885402+00:00,296,39.0,24.3,9681,4546,,,,,,,,-45.0,12.0,3.676,-190.9,-701.7,0,8,,30,7309
749,2026-07-22T14:03:19.199930+00:00,238,39.5,23.5,9681,4695,,,,,,,,-44.0,13.25,3.672,-193.5,-710.5,0,8,,30,7311
750,2026-07-22T14:08:38.207495+00:00,240,40.6,22.7,10392,5261,,,,,,,,-47.0,12.5,3.672,-192.9,-708.3,0,8,,30,7311
751,2026-07-22T14:09:15.471640+00:00,353,41.2,22.3,10625,5332,,,,,,,,-45.0,12.25,3.656,-327.8,-1198.4,0,8,,30,7309
752,2026-07-22T14:09:52.779060+00:00,283,41.5,21.6,10738,5336,,,,,,,,-46.0,12.0,3.676,-195.9,-720.1,0,8,,30,7311
753,2026-07-22T14:10:30.045150+00:00,386,41.1,22.3,10601,5274,,,,,,,,-46.0,12.0,3.676,-192.7,-708.4,0,8,,30,7311
754,2026-07-22T14:11:07.320758+00:00,371,41.0,22.8,10495,5225,,,,,,,,-46.0,12.5,3.672,-196.0,-719.7,0,8,,30,7310
755,2026-07-22T14:11:44.603307+00:00,311,41.6,22.3,10626,5261,,,,,,,,-46.0,12.0,3.676,-194.5,-715.0,0,8,,30,7311
756,2026-07-22T14:12:21.897887+00:00,199,41.9,21.1,10434,4925,,,,,,,,-47.0,13.0,3.672,-194.0,-712.4,0,8,,30,7310
757,2026-07-22T14:12:59.162035+00:00,328,42.0,21.7,10687,5193,,,,,,,,-46.0,12.0,3.672,-197.1,-723.8,0,8,,30,7310
758,2026-07-22T14:13:36.470289+00:00,246,41.7,21.9,10484,5099,,,,,,,,-47.0,12.25,3.66,-312.9,-1145.2,0,8,,30,7311
759,2026-07-22T14:14:13.775948+00:00,259,42.1,21.1,10274,5053,,,,,,,,-46.0,12.25,3.672,-193.0,-708.7,0,8,,30,7310
760,2026-07-22T14:14:51.041102+00:00,326,40.3,23.0,10060,4978,,,,,,,,-46.0,12.0,3.672,-193.6,-710.9,0,8,,30,7309
761,2026-07-22T14:15:28.342617+00:00,217,39.8,23.2,9996,4940,,,,,,,,-47.0,12.25,3.672,-195.4,-717.5,0,8,,30,7311
762,2026-07-22T14:20:47.291188+00:00,256,41.4,21.8,9956,4752,,,,,,,,-46.0,12.25,3.672,-191.5,-703.2,0,8,,30,7312
763,2026-07-22T14:21:24.596934+00:00,200,41.0,22.2,9807,4714,,,,,,,,-45.0,12.0,3.672,-194.7,-714.9,0,8,,30,7310
764,2026-07-22T14:22:01.845266+00:00,246,41.4,21.6,8481,3390,,,,,,,,-45.0,12.25,3.656,-319.5,-1168.1,0,8,,30,7309
765,2026-07-22T14:22:39.070283+00:00,212,41.0,21.8,8366,3266,,,,,,,,-45.0,12.0,3.672,-190.3,-698.8,0,8,,30,7310
766,2026-07-22T14:23:16.317709+00:00,244,40.2,22.5,8409,3288,,,,,,,,-46.0,12.0,3.672,-189.2,-694.7,0,8,,30,7310
767,2026-07-22T14:23:53.575016+00:00,306,39.1,23.9,8333,3244,,,,,,,,-47.0,12.75,3.672,-189.4,-695.5,0,8,,30,7311
768,2026-07-22T14:24:30.848709+00:00,383,39.2,23.5,8281,3198,,,,,,,,-44.0,11.75,3.672,-188.8,-693.3,0,8,,30,7310
769,2026-07-22T14:25:08.127454+00:00,287,38.4,24.4,8305,3192,,,,,,,,-44.0,12.75,3.672,-190.6,-699.9,0,8,,30,7310
770,2026-07-22T14:25:45.400107+00:00,286,38.0,25.4,8523,3243,,,,,,,,-45.0,12.25,3.672,-188.6,-692.5,0,8,,30,7312
771,2026-07-22T14:26:22.676526+00:00,244,37.5,26.0,8818,3358,,,,,,,,-45.0,12.0,3.656,-307.1,-1122.8,0,8,,30,7309
772,2026-07-22T14:26:59.941940+00:00,246,37.4,25.9,8960,3331,,,,,,,,-46.0,11.75,3.672,-189.4,-695.5,0,8,,30,7309
773,2026-07-22T14:27:37.209636+00:00,224,36.9,27.3,9084,3310,,,,,,,,-45.0,11.75,3.672,-190.5,-699.5,0,8,,30,7310
774,2026-07-22T14:28:14.477225+00:00,257,36.3,27.6,9132,3302,,,,,,,,-46.0,12.25,3.672,-188.6,-692.5,0,8,,30,7310
775,2026-07-22T14:28:51.766412+00:00,193,35.0,28.9,8963,3231,,,,,,,,-45.0,12.5,3.668,-187.5,-687.7,0,8,,30,7311
776,2026-07-22T14:29:29.032149+00:00,360,34.3,30.0,8734,3155,,,,,,,,-45.0,11.75,3.656,-305.2,-1115.8,0,8,,30,7309
777,2026-07-22T14:30:06.324311+00:00,252,35.1,28.7,8689,3169,,,,,,,,-45.0,12.25,3.668,-191.3,-701.7,0,8,,30,7311
778,2026-07-22T14:30:43.583503+00:00,302,35.6,28.0,8668,3188,,,,,,,,-46.0,12.0,3.672,-189.4,-695.5,0,8,,30,7309
779,2026-07-22T14:31:20.864148+00:00,303,35.5,27.8,8515,3140,,,,,,,,-45.0,12.0,3.668,-189.7,-695.8,0,8,,30,7311
780,2026-07-22T14:31:58.130184+00:00,225,35.2,28.2,8417,3122,,,,,,,,-45.0,11.75,3.672,-188.5,-692.2,0,8,,30,7310
781,2026-07-22T14:32:35.422302+00:00,253,35.1,29.3,8558,3328,,,,,,,,-46.0,12.25,3.652,-307.0,-1121.2,0,8,,30,7310
782,2026-07-22T14:33:12.744808+00:00,252,35.8,27.7,9135,4034,,,,,,,,-46.0,12.0,3.668,-192.4,-705.7,0,8,,30,7311
783,2026-07-22T14:33:50.031868+00:00,223,36.7,26.5,8416,3252,,,,,,,,-46.0,12.0,3.668,-192.5,-706.1,0,8,,30,7310
784,2026-07-22T14:34:27.281049+00:00,283,36.7,26.4,8854,3751,,,,,,,,-47.0,12.25,3.672,-192.0,-705.0,0,8,,30,7310
785,2026-07-22T14:35:04.575332+00:00,259,36.8,26.3,9142,4109,,,,,,,,-45.0,12.0,3.668,-188.7,-692.2,0,8,,30,7311
786,2026-07-22T14:35:41.849384+00:00,244,37.0,26.1,9032,4040,,,,,,,,-46.0,12.0,3.652,-306.2,-1118.2,0,8,,30,7311
787,2026-07-22T14:36:19.162251+00:00,209,37.2,25.9,8782,3810,,,,,,,,-47.0,12.75,3.668,-193.0,-707.9,0,8,,30,7310
788,2026-07-22T14:36:56.476659+00:00,245,37.5,26.1,8943,4159,,,,,,,,-46.0,13.0,3.668,-190.9,-700.2,0,8,,30,7310
789,2026-07-22T14:37:33.805147+00:00,189,37.4,26.4,8700,4012,,,,,,,,-45.0,12.75,3.648,-358.3,-1307.1,0,8,,30,7311
790,2026-07-22T14:38:11.096113+00:00,199,37.7,25.8,8745,4114,,,,,,,,-45.0,12.25,3.668,-193.9,-711.2,0,8,,30,7309
791,2026-07-22T14:38:48.381908+00:00,245,37.9,26.2,8619,3951,,,,,,,,-45.0,12.5,3.668,-194.2,-712.3,0,8,,30,7310
792,2026-07-22T14:39:25.662235+00:00,250,38.1,24.9,8981,4254,,,,,,,,-44.0,11.5,3.668,-192.9,-707.6,0,8,,30,7311
793,2026-07-22T14:40:02.945213+00:00,185,38.6,25.1,8764,3974,,,,,,,,-45.0,12.0,3.668,-194.8,-714.5,0,8,,30,7309
794,2026-07-22T14:40:40.220696+00:00,244,39.0,24.1,8840,3961,,,,,,,,-45.0,11.75,3.668,-190.0,-696.9,0,8,,30,7309
795,2026-07-22T14:41:17.499057+00:00,254,38.8,24.5,8353,3262,,,,,,,,-44.0,11.75,3.668,-191.2,-701.3,0,8,,30,7311
796,2026-07-22T14:41:54.752527+00:00,174,38.8,24.2,8588,3500,,,,,,,,-45.0,12.5,3.652,-307.5,-1123.0,0,8,,30,7312
797,2026-07-22T14:42:32.028407+00:00,175,38.7,24.0,8718,3603,,,,,,,,-47.0,12.0,3.668,-191.6,-702.8,0,8,,30,7310
798,2026-07-22T14:43:09.271257+00:00,252,38.1,24.7,8487,3213,,,,,,,,-46.0,12.75,3.668,-187.7,-688.5,0,8,,30,7310
799,2026-07-22T14:43:46.560002+00:00,236,38.2,25.0,9487,4213,,,,,,,,-45.0,12.0,3.668,-189.5,-695.1,0,8,,30,7309
800,2026-07-22T14:44:23.838134+00:00,257,38.0,24.7,8974,3386,,,,,,,,-47.0,12.75,3.668,-190.5,-698.8,0,8,,30,7309
801,2026-07-22T14:45:01.079136+00:00,304,36.4,26.3,9456,3810,,,,,,,,-44.0,12.25,3.652,-331.0,-1208.8,0,8,,30,7309
802,2026-07-22T14:45:38.360710+00:00,297,35.9,27.7,9779,4227,,,,,,,,-44.0,12.75,3.668,-190.3,-698.0,0,8,,30,7310
803,2026-07-22T14:46:15.678966+00:00,280,36.5,26.8,9167,3466,,,,,,,,-45.0,12.0,3.672,-190.9,-701.0,0,8,,30,7310
804,2026-07-22T14:46:52.970244+00:00,191,35.9,27.6,8994,3252,,,,,,,,-49.0,12.25,3.668,-189.6,-695.5,0,8,,30,7311
805,2026-07-22T14:47:30.225788+00:00,269,36.1,27.4,8879,3156,,,,,,,,-48.0,12.25,3.664,-191.7,-702.4,0,8,,30,7311
806,2026-07-22T14:48:07.473245+00:00,229,35.1,27.9,8670,3063,,,,,,,,-46.0,11.5,3.652,-334.4,-1221.2,0,8,,30,7311
807,2026-07-22T14:48:44.766250+00:00,241,34.9,28.3,8446,2994,,,,,,,,-46.0,11.75,3.668,-188.0,-689.6,0,8,,30,7308
808,2026-07-22T14:49:22.023444+00:00,233,34.8,28.7,8202,2911,,,,,,,,-46.0,12.25,3.664,-188.4,-690.3,0,8,,30,7311
809,2026-07-22T14:49:59.117845+00:00,255,34.8,28.6,15816,5618,,,,,,,,-47.0,12.5,3.668,-187.0,-685.9,0,16,,30,7111
810,2026-07-22T14:50:36.176142+00:00,271,34.2,29.3,15558,5597,,,,,,,,-47.0,13.0,3.668,-186.6,-684.4,0,16,,30,7110
811,2026-07-22T14:51:13.475589+00:00,270,34.4,29.3,8302,3408,,,,,,,,-47.0,12.5,3.664,-188.7,-691.4,0,8,,30,7311
812,2026-07-22T14:51:50.585091+00:00,241,35.0,28.6,15670,5570,,,,,,,,-47.0,13.0,3.668,-187.2,-686.6,0,16,,30,7109
813,2026-07-22T14:52:27.681681+00:00,294,35.5,28.1,15967,5992,,,,,,,,-46.0,12.0,3.668,-190.4,-698.4,0,16,,30,7111
814,2026-07-22T14:53:04.743270+00:00,225,35.5,27.8,15647,6011,,,,,,,,-46.0,11.75,3.668,-186.8,-685.2,0,16,,30,7111
815,2026-07-22T14:53:41.797685+00:00,306,35.5,27.8,15666,6341,,,,,,,,-45.0,12.25,3.668,-189.5,-695.1,0,16,,30,7110
816,2026-07-22T14:54:18.902916+00:00,235,35.6,27.4,14422,5180,,,,,,,,-45.0,12.25,3.668,-187.8,-688.9,0,16,,30,7110
817,2026-07-22T14:59:36.094673+00:00,310,34.7,28.5,12777,3984,,,,,,,,-47.0,12.5,3.664,-190.0,-696.2,0,16,,30,7111
818,2026-07-22T15:00:13.177342+00:00,289,34.5,28.9,12591,3864,,,,,,,,-47.0,12.5,3.664,-189.9,-695.8,0,16,,30,7110
819,2026-07-22T15:00:50.252076+00:00,193,34.4,29.1,12384,3727,,,,,,,,-48.0,12.25,3.664,-186.0,-681.5,0,16,,30,7110
820,2026-07-22T15:01:27.354522+00:00,285,34.4,29.2,12146,3592,,,,,,,,-48.0,11.75,3.668,-186.3,-683.3,0,16,,30,7111
821,2026-07-22T15:02:04.406635+00:00,263,33.5,30.4,11950,3492,,,,,,,,-46.0,11.75,3.668,-190.1,-697.3,0,16,,30,7111
822,2026-07-22T15:02:41.506223+00:00,302,32.9,31.1,11726,3409,,,,,,,,-46.0,12.0,3.668,-187.6,-688.1,0,16,,30,7110
823,2026-07-22T15:03:18.603925+00:00,230,32.7,32.2,11517,3346,,,,,,,,-45.0,12.25,3.664,-186.4,-683.0,0,16,,30,7111
824,2026-07-22T15:03:55.709603+00:00,267,32.7,32.3,11289,3262,,,,,,,,-47.0,12.5,3.668,-188.8,-692.5,0,16,,30,7111
825,2026-07-22T15:04:32.778519+00:00,230,32.4,31.8,11134,3194,,,,,,,,-47.0,12.75,3.664,-188.0,-688.8,0,16,,30,7111
826,2026-07-22T15:05:09.837386+00:00,266,32.1,32.5,11026,3150,,,,,,,,-47.0,12.0,3.668,-186.1,-682.6,0,16,,30,7110
827,2026-07-22T15:05:46.917642+00:00,261,32.3,31.9,10931,3097,,,,,,,,-48.0,12.25,3.668,-188.7,-692.2,0,16,,30,7110
828,2026-07-22T15:06:24.015512+00:00,240,32.7,31.6,10889,3042,,,,,,,,-48.0,12.0,3.664,-188.5,-690.7,0,16,,30,7110
829,2026-07-22T15:07:01.096128+00:00,292,33.0,31.4,10990,3037,,,,,,,,-47.0,12.0,3.664,-187.2,-685.9,0,16,,30,7110
830,2026-07-22T15:07:38.193001+00:00,198,33.0,31.5,11070,3072,,,,,,,,-47.0,12.5,3.664,-188.6,-691.0,0,16,,30,7109
831,2026-07-22T15:08:15.271308+00:00,272,33.0,31.2,11021,3088,,,,,,,,-46.0,12.0,3.664,-185.4,-679.3,0,16,,30,7111
832,2026-07-22T15:08:52.357688+00:00,257,33.0,31.0,10944,3069,,,,,,,,-45.0,12.0,3.664,-188.4,-690.3,0,16,,30,7110
833,2026-07-22T15:09:29.412606+00:00,218,33.0,31.4,10903,3052,,,,,,,,-47.0,13.0,3.664,-189.0,-692.5,0,16,,30,7110
834,2026-07-22T15:10:06.488618+00:00,209,33.2,30.9,10859,3035,,,,,,,,-46.0,12.25,3.664,-186.8,-684.4,0,16,,30,7111
835,2026-07-22T15:10:43.572226+00:00,231,33.2,31.0,10845,3040,,,,,,,,-45.0,12.25,3.66,-187.1,-684.8,0,16,,30,7109
836,2026-07-22T15:11:20.649422+00:00,231,33.2,31.0,10809,3068,,,,,,,,-47.0,13.25,3.664,-188.6,-691.0,0,16,,30,7109
837,2026-07-22T15:11:57.707607+00:00,236,32.9,31.3,10814,3100,,,,,,,,-45.0,12.5,3.632,-386.6,-1404.1,0,16,,30,7110
838,2026-07-22T15:12:34.798676+00:00,206,32.5,31.5,10811,3110,,,,,,,,-48.0,12.75,3.664,-188.1,-689.2,0,16,,30,7109
839,2026-07-22T15:13:11.894313+00:00,244,32.6,32.1,10878,3115,,,,,,,,-47.0,13.0,3.644,-327.5,-1193.4,0,16,,30,7111
840,2026-07-22T15:13:48.971524+00:00,141,32.7,31.4,10971,3175,,,,,,,,-47.0,12.75,3.664,-189.6,-694.7,0,16,,30,7109
841,2026-07-22T15:14:26.058286+00:00,289,32.6,31.4,10984,3232,,,,,,,,-46.0,12.25,3.644,-313.1,-1140.9,0,16,,30,7111
842,2026-07-22T15:15:03.135403+00:00,343,32.3,31.9,10939,3266,,,,,,,,-48.0,13.0,3.66,-187.7,-687.0,0,16,,30,7110
843,2026-07-22T15:15:40.229848+00:00,210,32.3,32.2,10847,3261,,,,,,,,-46.0,12.25,3.648,-305.1,-1113.0,0,16,,30,7109
844,2026-07-22T15:16:17.305762+00:00,217,32.3,32.2,10750,3228,,,,,,,,-45.0,12.25,3.66,-187.4,-685.9,0,16,,30,7110
845,2026-07-22T15:16:54.395952+00:00,244,32.1,32.0,10622,3191,,,,,,,,-45.0,12.0,3.644,-301.4,-1098.3,0,16,,30,7109
846,2026-07-22T15:17:31.467474+00:00,228,32.1,32.2,10546,3191,,,,,,,,-46.0,12.0,3.66,-189.2,-692.5,0,16,,30,7109
847,2026-07-22T15:18:08.556085+00:00,255,32.2,32.2,10566,3199,,,,,,,,-45.0,12.25,3.66,-188.2,-688.8,0,16,,30,7109
848,2026-07-22T15:18:45.636141+00:00,235,32.2,32.0,10565,3157,,,,,,,,-46.0,12.75,3.66,-189.9,-695.0,0,16,,30,7110
849,2026-07-22T15:19:22.716464+00:00,226,32.1,32.1,10498,3087,,,,,,,,-46.0,12.0,3.66,-185.2,-677.8,0,16,,30,7109
850,2026-07-22T15:19:59.834313+00:00,194,32.3,31.8,10590,3119,,,,,,,,-46.0,12.25,3.66,-185.9,-680.4,0,16,,30,7110
851,2026-07-22T15:20:36.911695+00:00,210,32.3,31.8,10855,3312,,,,,,,,-47.0,12.5,3.66,-190.3,-696.5,0,16,,30,7110
852,2026-07-22T15:21:14.003216+00:00,184,32.1,31.9,10804,3173,,,,,,,,-46.0,12.0,3.66,-187.8,-687.3,0,16,,30,7108
853,2026-07-22T15:21:51.093343+00:00,246,32.4,32.0,10877,3178,,,,,,,,-47.0,12.75,3.664,-188.3,-689.9,0,16,,30,7110
854,2026-07-22T15:22:28.159818+00:00,186,31.9,32.1,11046,3221,,,,,,,,-46.0,12.0,3.66,-188.6,-690.3,0,16,,30,7109
855,2026-07-22T15:23:05.267443+00:00,243,31.7,32.8,11239,3258,,,,,,,,-46.0,12.0,3.66,-188.0,-688.1,0,16,,30,7110
856,2026-07-22T15:23:42.332292+00:00,257,31.8,32.6,11412,3326,,,,,,,,-46.0,11.75,3.66,-189.8,-694.7,0,16,,30,7111
857,2026-07-22T15:24:19.412667+00:00,186,31.6,33.2,11571,3387,,,,,,,,-45.0,12.5,3.66,-188.0,-688.1,0,16,,30,7109
858,2026-07-22T15:24:56.493185+00:00,234,31.9,32.7,11780,3448,,,,,,,,-45.0,11.75,3.66,-186.3,-681.9,0,16,,30,7109
859,2026-07-22T15:25:33.576317+00:00,219,32.1,32.3,11926,3497,,,,,,,,-46.0,11.75,3.66,-186.3,-681.9,0,16,,30,7109
860,2026-07-22T15:26:10.658549+00:00,210,32.2,32.4,11994,3499,,,,,,,,-45.0,11.75,3.66,-188.6,-690.3,0,16,,30,7109
861,2026-07-22T15:26:47.726215+00:00,191,32.0,32.2,12025,3489,,,,,,,,-45.0,12.0,3.66,-189.9,-695.0,0,16,,30,7110
862,2026-07-22T15:27:24.793779+00:00,196,31.6,32.8,12030,3466,,,,,,,,-46.0,12.25,3.628,-408.2,-1480.9,0,16,,30,7110
863,2026-07-22T15:28:01.876905+00:00,197,31.6,33.4,11986,3435,,,,,,,,-46.0,12.0,3.656,-190.3,-695.7,0,16,,30,7110
864,2026-07-22T15:28:38.964649+00:00,241,31.9,33.0,11844,3369,,,,,,,,-46.0,12.25,3.64,-338.1,-1230.7,0,16,,30,7111
865,2026-07-22T15:29:16.061424+00:00,211,31.9,32.9,11677,3282,,,,,,,,-47.0,12.5,3.66,-188.6,-690.3,0,16,,30,7110
866,2026-07-22T15:34:33.228780+00:00,231,33.4,31.9,15344,6137,,,,,,,,-46.0,12.5,3.66,-189.3,-692.8,0,16,,30,7110
867,2026-07-22T15:35:10.359570+00:00,207,34.4,30.6,15467,6214,,,,,,,,-46.0,12.25,3.66,-189.5,-693.6,0,16,,30,7110
868,2026-07-22T15:35:47.466530+00:00,237,35.3,29.7,15352,6113,,,,,,,,-46.0,12.5,3.628,-397.1,-1440.7,0,16,,30,7111
869,2026-07-22T15:36:24.546106+00:00,189,34.8,29.0,15228,6114,,,,,,,,-46.0,12.25,3.66,-188.6,-690.3,0,16,,30,7110
870,2026-07-22T15:37:01.619009+00:00,199,34.5,30.3,13018,3860,,,,,,,,-45.0,11.75,3.632,-390.1,-1416.8,0,16,,30,7111
871,2026-07-22T15:37:38.678553+00:00,230,34.8,29.3,12743,3744,,,,,,,,-46.0,11.75,3.656,-188.3,-688.4,0,16,,30,7111
872,2026-07-22T15:38:15.734931+00:00,229,34.8,30.1,12585,3689,,,,,,,,-46.0,12.25,3.628,-420.7,-1526.3,0,16,,30,7110
873,2026-07-22T15:38:52.817245+00:00,231,34.3,30.0,12568,3694,,,,,,,,-46.0,12.25,3.66,-190.3,-696.5,0,16,,30,7110
874,2026-07-22T15:39:29.882758+00:00,229,34.2,29.6,12656,3747,,,,,,,,-46.0,12.0,3.632,-388.6,-1411.4,0,16,,30,7110
875,2026-07-22T15:40:06.926787+00:00,210,32.7,31.8,12815,3813,,,,,,,,-46.0,12.0,3.656,-188.9,-690.6,0,16,,30,7109
876,2026-07-22T15:40:43.988595+00:00,259,32.2,33.4,13105,3917,,,,,,,,-45.0,12.0,3.632,-377.7,-1371.8,0,16,,30,7110
877,2026-07-22T15:41:21.060966+00:00,230,32.2,32.9,13453,4057,,,,,,,,-46.0,12.0,3.66,-190.5,-697.2,0,16,,30,7109
878,2026-07-22T15:41:58.145328+00:00,227,32.2,33.0,13812,4214,,,,,,,,-45.0,12.0,3.64,-333.5,-1213.9,0,16,,30,7110
879,2026-07-22T15:42:35.226992+00:00,227,32.1,33.9,14068,4309,,,,,,,,-45.0,13.25,3.66,-186.6,-683.0,0,16,,30,7111
880,2026-07-22T15:43:12.307579+00:00,228,31.8,33.7,14248,4384,,,,,,,,-45.0,12.0,3.64,-312.9,-1139.0,0,16,,30,7110
881,2026-07-22T15:43:49.407760+00:00,243,31.6,34.2,14429,4491,,,,,,,,-47.0,12.5,3.656,-185.6,-678.6,0,16,,30,7110
882,2026-07-22T15:44:26.678172+00:00,256,31.9,34.1,8157,3251,,,,,,,,-46.0,11.75,3.66,-189.1,-692.1,0,8,,30,7310
883,2026-07-22T15:45:03.801020+00:00,205,32.8,32.6,16121,6472,,,,,,,,-46.0,12.5,3.656,-187.6,-685.9,0,16,,30,7109
884,2026-07-22T15:45:40.941185+00:00,182,33.6,31.4,16022,6450,,,,,,,,-45.0,12.75,3.66,-189.5,-693.6,0,16,,30,7110
885,2026-07-22T15:46:18.058203+00:00,211,34.4,30.7,15751,6290,,,,,,,,-44.0,12.5,3.66,-191.6,-701.3,0,16,,30,7111
886,2026-07-22T15:46:55.142508+00:00,224,35.0,29.7,15623,6261,,,,,,,,-44.0,13.0,3.656,-188.1,-687.7,0,16,,30,7110
887,2026-07-22T15:47:32.215217+00:00,228,35.2,29.2,15406,6195,,,,,,,,-45.0,12.75,3.66,-191.9,-702.4,0,16,,30,7111
888,2026-07-22T15:48:09.309574+00:00,267,35.3,28.7,15132,6124,,,,,,,,-45.0,12.0,3.656,-189.4,-692.4,0,16,,30,7110
889,2026-07-22T15:53:26.483397+00:00,219,35.3,28.7,13028,4065,,,,,,,,-44.0,12.25,3.656,-190.0,-694.6,0,16,,30,7109
890,2026-07-22T15:54:03.518547+00:00,277,34.5,29.7,12911,4018,,,,,,,,-45.0,13.0,3.636,-323.1,-1174.8,0,16,,30,7111
891,2026-07-22T15:54:40.585199+00:00,188,34.4,30.0,14490,5923,,,,,,,,-45.0,13.0,3.66,-189.9,-695.0,0,16,,30,7110
892,2026-07-22T15:55:17.697647+00:00,217,34.1,30.4,14131,5696,,,,,,,,-45.0,12.75,3.64,-317.5,-1155.7,0,16,,30,7110
893,2026-07-22T15:55:54.760082+00:00,214,33.5,31.6,12304,3802,,,,,,,,-46.0,11.75,3.656,-191.0,-698.3,0,16,,30,7109
894,2026-07-22T15:56:31.827244+00:00,274,33.2,32.2,12087,3716,,,,,,,,-44.0,12.5,3.64,-314.1,-1143.3,0,16,,30,7111
895,2026-07-22T15:57:08.907342+00:00,218,33.1,32.5,12640,4426,,,,,,,,-45.0,12.5,3.656,-187.0,-683.7,0,16,,30,7109
896,2026-07-22T15:57:45.998106+00:00,248,33.5,32.2,12984,4962,,,,,,,,-44.0,12.25,3.64,-308.7,-1123.7,0,16,,30,7111
897,2026-07-22T15:58:23.104653+00:00,249,33.4,32.4,13618,5637,,,,,,,,-45.0,12.5,3.656,-189.6,-693.2,0,16,,30,7111
898,2026-07-22T15:59:00.257237+00:00,257,34.2,31.2,13597,5638,,,,,,,,-45.0,13.25,3.64,-304.9,-1109.8,0,16,,30,7110
899,2026-07-22T15:59:37.389856+00:00,227,35.2,29.7,13612,5661,,,,,,,,-45.0,12.0,3.656,-191.5,-700.1,0,16,,30,7110
900,2026-07-22T16:00:14.484507+00:00,239,36.0,28.2,13582,5661,,,,,,,,-46.0,12.25,3.652,-189.5,-692.1,0,16,,30,7111
901,2026-07-22T16:00:51.568767+00:00,230,36.1,28.4,13510,5643,,,,,,,,-46.0,12.5,3.656,-192.3,-703.0,0,16,,30,7111
902,2026-07-22T16:01:28.662064+00:00,209,36.0,27.5,13410,5600,,,,,,,,-45.0,12.5,3.652,-191.4,-699.0,0,16,,30,7113
903,2026-07-22T16:02:05.703430+00:00,174,35.5,28.7,12507,4603,,,,,,,,-45.0,11.75,3.656,-191.1,-698.7,0,16,,30,7111
904,2026-07-22T16:02:42.762201+00:00,229,35.3,29.1,11525,3525,,,,,,,,-45.0,13.0,3.64,-305.8,-1113.1,0,16,,30,7111
905,2026-07-22T16:03:19.826308+00:00,286,35.1,28.9,11378,3456,,,,,,,,-45.0,12.0,3.656,-187.8,-686.6,0,16,,30,7110
906,2026-07-22T16:03:56.899599+00:00,251,34.6,29.8,11250,3413,,,,,,,,-46.0,12.0,3.64,-302.3,-1100.4,0,16,,30,7110
907,2026-07-22T16:04:33.981736+00:00,219,33.8,31.3,11137,3366,,,,,,,,-46.0,11.75,3.656,-188.8,-690.3,0,16,,30,7109
908,2026-07-22T16:05:11.073122+00:00,239,33.1,31.7,11228,3553,,,,,,,,-45.0,12.0,3.652,-190.0,-693.9,0,16,,30,7112
909,2026-07-22T16:05:48.163031+00:00,215,32.7,32.2,12109,4619,,,,,,,,-45.0,12.25,3.656,-189.4,-692.4,0,16,,30,7111
910,2026-07-22T16:06:25.301275+00:00,217,33.2,32.2,12469,5082,,,,,,,,-46.0,12.25,3.652,-191.1,-697.9,0,16,,30,7110
911,2026-07-22T16:07:02.409976+00:00,234,33.9,31.6,12193,4862,,,,,,,,-44.0,12.75,3.656,-188.2,-688.1,0,16,,30,7111
912,2026-07-22T16:07:39.491079+00:00,181,34.4,30.6,11970,4649,,,,,,,,-45.0,12.5,3.656,-188.6,-689.5,0,16,,30,7111
913,2026-07-22T16:08:16.577263+00:00,239,34.7,29.5,11703,4450,,,,,,,,-44.0,12.0,3.656,-190.2,-695.4,0,16,,30,7111
914,2026-07-22T16:08:53.668067+00:00,195,34.2,30.3,11551,4322,,,,,,,,-44.0,12.75,3.652,-190.1,-694.2,0,16,,30,7110
915,2026-07-22T16:09:30.746420+00:00,229,34.4,30.1,12053,4908,,,,,,,,-45.0,12.75,3.656,-189.0,-691.0,0,16,,30,7111
916,2026-07-22T16:10:07.851431+00:00,217,34.3,29.7,12136,4953,,,,,,,,-45.0,12.25,3.652,-190.8,-696.8,0,16,,30,7111
917,2026-07-22T16:10:44.931604+00:00,217,34.7,29.4,12226,4992,,,,,,,,-46.0,12.75,3.652,-189.8,-693.1,0,16,,30,7110
918,2026-07-22T16:11:22.013636+00:00,228,35.3,28.5,12317,5052,,,,,,,,-45.0,12.5,3.656,-190.6,-696.8,0,16,,30,7110
919,2026-07-22T16:11:59.103362+00:00,230,35.5,27.9,12457,5125,,,,,,,,-45.0,12.0,3.656,-191.2,-699.0,0,16,,30,7110
920,2026-07-22T16:12:36.157223+00:00,268,35.3,28.3,12719,5197,,,,,,,,-44.0,12.75,3.652,-192.9,-704.5,0,16,,30,7110
921,2026-07-22T16:13:13.236075+00:00,218,35.6,27.5,13221,5357,,,,,,,,-45.0,12.25,3.656,-189.5,-692.8,0,16,,30,7110
922,2026-07-22T16:13:50.347770+00:00,241,35.7,27.5,13571,5337,,,,,,,,-45.0,12.25,3.652,-189.4,-691.7,0,16,,30,7111
923,2026-07-22T16:19:07.357283+00:00,237,32.0,32.2,12892,4079,,,,,,,,-45.0,12.75,3.656,-185.8,-679.3,0,16,,30,7110
924,2026-07-22T16:19:44.430358+00:00,261,31.7,32.6,12637,4006,,,,,,,,-43.0,12.0,3.636,-302.9,-1101.3,0,16,,30,7109
925,2026-07-22T16:20:21.508438+00:00,278,31.5,32.9,12301,3933,,,,,,,,-46.0,11.75,3.652,-185.3,-676.7,0,16,,30,7109
926,2026-07-22T16:20:58.600196+00:00,233,31.6,32.7,11996,3895,,,,,,,,-45.0,12.0,3.652,-189.6,-692.4,0,16,,30,7109
927,2026-07-22T16:21:35.681496+00:00,180,31.8,32.4,12643,4950,,,,,,,,-45.0,11.75,3.652,-185.5,-677.4,0,16,,30,7110
928,2026-07-22T16:22:12.794211+00:00,205,31.8,32.3,12870,5443,,,,,,,,-45.0,12.0,3.652,-187.5,-684.7,0,16,,30,7109
929,2026-07-22T16:22:49.945156+00:00,213,31.9,32.5,12725,5406,,,,,,,,-44.0,12.0,3.652,-188.1,-686.9,0,16,,30,7109
930,2026-07-22T16:23:27.040815+00:00,221,32.0,33.2,12664,5373,,,,,,,,-44.0,11.75,3.652,-189.9,-693.5,0,16,,30,7110
931,2026-07-22T16:24:04.154053+00:00,240,32.4,32.1,12578,5323,,,,,,,,-44.0,12.5,3.652,-189.6,-692.4,0,16,,30,7111
932,2026-07-22T16:24:41.232239+00:00,239,32.9,30.8,12423,5237,,,,,,,,-45.0,13.0,3.652,-189.5,-692.1,0,16,,30,7111
933,2026-07-22T16:29:58.453693+00:00,194,34.2,29.8,12159,4976,,,,,,,,-44.0,12.25,3.652,-187.7,-685.5,0,16,,30,7110
934,2026-07-22T16:30:35.536886+00:00,195,34.5,29.7,10982,3603,,,,,,,,-44.0,12.75,3.652,-188.7,-689.1,0,16,,30,7111
935,2026-07-22T16:31:12.622132+00:00,202,34.2,29.3,10839,3530,,,,,,,,-45.0,12.75,3.652,-188.3,-687.7,0,16,,30,7111
936,2026-07-22T16:31:49.703171+00:00,247,33.4,30.5,10767,3468,,,,,,,,-43.0,12.25,3.648,-191.8,-699.7,0,16,,30,7110
937,2026-07-22T16:32:26.794875+00:00,291,32.5,31.5,10984,3658,,,,,,,,-45.0,12.5,3.652,-189.8,-693.1,0,16,,30,7109
938,2026-07-22T16:33:03.877615+00:00,234,32.5,30.8,11425,3865,,,,,,,,-44.0,12.0,3.652,-188.2,-687.3,0,16,,30,7109
939,2026-07-22T16:33:40.949837+00:00,238,32.5,31.6,11920,3965,,,,,,,,-44.0,12.25,3.648,-188.5,-687.6,0,16,,30,7110
940,2026-07-22T16:34:18.020206+00:00,205,32.2,31.1,12203,4056,,,,,,,,-43.0,11.75,3.648,-189.0,-689.5,0,16,,30,7109
941,2026-07-22T16:34:55.089801+00:00,221,31.7,32.3,12310,4117,,,,,,,,-44.0,12.25,3.652,-189.5,-692.1,0,16,,30,7110
942,2026-07-22T16:35:32.168936+00:00,230,31.7,32.3,12549,4268,,,,,,,,-44.0,12.25,3.652,-190.5,-695.7,0,16,,30,7110
943,2026-07-22T16:36:09.258807+00:00,218,31.4,32.6,12672,4396,,,,,,,,-44.0,12.25,3.652,-189.0,-690.2,0,16,,30,7109
944,2026-07-22T16:36:46.328035+00:00,242,31.3,33.8,12701,4477,,,,,,,,-44.0,12.0,3.652,-189.8,-693.1,0,16,,30,7110
945,2026-07-22T16:37:23.431639+00:00,191,31.2,32.9,12675,4524,,,,,,,,-44.0,12.25,3.648,-188.3,-686.9,0,16,,30,7110
946,2026-07-22T16:38:00.501261+00:00,189,31.1,33.8,12510,4505,,,,,,,,-44.0,12.0,3.652,-189.5,-692.1,0,16,,30,7109
947,2026-07-22T16:38:37.586734+00:00,210,31.2,33.9,12123,4400,,,,,,,,-43.0,11.75,3.652,-188.6,-688.8,0,16,,30,7110
948,2026-07-22T16:39:14.678104+00:00,198,31.3,33.7,11574,4220,,,,,,,,-44.0,12.25,3.652,-190.0,-693.9,0,16,,30,7110
949,2026-07-22T16:39:51.762396+00:00,202,31.1,35.1,11042,4061,,,,,,,,-44.0,11.75,3.648,-186.6,-680.7,0,16,,30,7110
950,2026-07-22T16:40:28.854400+00:00,196,30.7,34.3,10486,3884,,,,,,,,-45.0,12.25,3.652,-190.0,-693.9,0,16,,30,7110
951,2026-07-22T16:41:05.933435+00:00,221,30.4,34.9,9905,3697,,,,,,,,-44.0,12.25,3.652,-188.1,-686.9,0,16,,30,7111
952,2026-07-22T16:41:43.011733+00:00,219,30.2,35.5,9425,3549,,,,,,,,-43.0,11.75,3.652,-189.0,-690.2,0,16,,30,7108
953,2026-07-22T16:42:20.081801+00:00,271,30.5,34.9,9076,3438,,,,,,,,-43.0,12.75,3.616,-411.4,-1487.6,0,16,,30,7110
954,2026-07-22T16:42:57.139134+00:00,244,30.4,34.9,8799,3345,,,,,,,,-43.0,11.25,3.652,-189.5,-692.1,0,16,,30,7110
955,2026-07-22T16:43:34.198935+00:00,261,30.0,35.4,8573,3276,,,,,,,,-43.0,12.5,3.624,-367.6,-1332.2,0,16,,30,7109
956,2026-07-22T16:44:11.272831+00:00,198,30.0,35.5,8389,3257,,,,,,,,-44.0,12.0,3.652,-185.8,-678.5,0,16,,30,7110
957,2026-07-22T16:44:48.353374+00:00,295,30.1,35.4,8188,3162,,,,,,,,-44.0,12.0,3.628,-318.2,-1154.4,0,16,,30,7109
958,2026-07-22T16:45:25.224210+00:00,216,29.9,35.6,16086,6620,,,,,,,,-44.0,12.25,3.648,-186.5,-680.4,0,32,,30,6909
959,2026-07-22T16:46:02.112201+00:00,236,29.5,36.1,16012,7171,,,,,,,,-43.0,12.25,3.652,-189.3,-691.3,0,32,,30,6908
960,2026-07-22T16:46:39.015141+00:00,225,29.6,36.1,15687,7133,,,,,,,,-44.0,12.25,3.648,-189.0,-689.5,0,32,,30,6907
961,2026-07-22T16:47:15.902219+00:00,243,29.6,36.5,14513,5661,,,,,,,,-42.0,12.5,3.648,-187.3,-683.3,0,32,,30,6907
962,2026-07-22T16:47:52.787167+00:00,269,29.6,36.5,14516,6183,,,,,,,,-44.0,12.0,3.652,-187.6,-685.1,0,32,,30,6907
963,2026-07-22T16:48:29.647275+00:00,208,29.6,36.1,13799,5348,,,,,,,,-44.0,12.0,3.652,-187.7,-685.5,0,32,,30,6907
964,2026-07-22T16:49:06.532882+00:00,333,29.5,36.3,13750,5309,,,,,,,,-44.0,12.0,3.632,-314.4,-1141.9,0,32,,30,6908
965,2026-07-22T16:49:43.402351+00:00,384,29.3,36.6,13783,5284,,,,,,,,-44.0,12.25,3.648,-187.1,-682.5,0,32,,30,6908
966,2026-07-22T16:50:20.277343+00:00,298,29.1,37.0,13805,5263,,,,,,,,-44.0,12.25,3.648,-187.1,-682.5,0,32,,30,6909
967,2026-07-22T16:50:57.151627+00:00,238,28.7,37.7,13768,5248,,,,,,,,-43.0,12.25,3.648,-187.6,-684.4,0,32,,30,6908
968,2026-07-22T16:51:34.030349+00:00,216,28.9,37.5,13716,5221,,,,,,,,-43.0,12.0,3.0,,,,32,,,
969,2026-07-22T16:52:10.929897+00:00,221,28.9,37.2,13736,5228,,,,,,,,-44.0,12.0,3.648,-186.7,-681.1,0,32,,30,6909
970,2026-07-22T16:52:47.810321+00:00,219,28.8,37.4,13764,5234,,,,,,,,-45.0,12.0,3.652,-186.2,-680.0,0,32,,30,6908
971,2026-07-22T16:53:24.701872+00:00,204,29.0,37.4,13884,5271,,,,,,,,-45.0,13.0,3.632,-305.9,-1111.0,0,32,,30,6909
972,2026-07-22T16:54:01.603468+00:00,189,29.3,36.7,14019,5308,,,,,,,,-44.0,12.5,3.648,-188.3,-686.9,0,32,,30,6909
973,2026-07-22T16:54:38.487890+00:00,238,29.5,36.8,14093,5340,,,,,,,,-43.0,12.25,3.648,-186.6,-680.7,0,32,,30,6910
974,2026-07-22T16:55:15.347549+00:00,199,29.7,36.3,14191,5391,,,,,,,,-44.0,12.0,3.648,-188.5,-687.6,0,32,,30,6907
975,2026-07-22T16:55:52.244484+00:00,206,29.8,36.0,14353,5468,,,,,,,,-44.0,12.0,3.648,-188.2,-686.6,0,32,,30,6908
976,2026-07-22T16:56:29.126870+00:00,219,29.6,35.7,14490,5540,,,,,,,,-44.0,12.25,3.652,-187.9,-686.2,0,32,,30,6908
977,2026-07-22T16:57:06.021139+00:00,203,29.4,36.3,14699,5622,,,,,,,,-45.0,12.75,3.652,-184.8,-674.9,0,32,,30,6907
978,2026-07-22T16:57:42.925524+00:00,229,29.2,36.6,14989,5742,,,,,,,,-45.0,13.0,3.628,-305.5,-1108.4,0,32,,30,6907
979,2026-07-22T16:58:19.809317+00:00,193,28.9,36.9,15248,5778,,,,,,,,-45.0,12.0,3.648,-186.1,-678.9,0,32,,30,6910
980,2026-07-22T16:58:56.706675+00:00,211,28.9,37.1,15502,5822,,,,,,,,-45.0,12.25,3.648,-188.7,-688.4,0,32,,30,6909
981,2026-07-22T16:59:33.605211+00:00,180,29.0,37.4,15765,5862,,,,,,,,-44.0,12.25,3.648,-186.4,-680.0,0,32,,30,6908
982,2026-07-22T17:00:10.509040+00:00,228,29.3,36.8,16013,5891,,,,,,,,-44.0,12.0,3.648,-185.6,-677.1,0,32,,30,6907
983,2026-07-22T17:00:47.602395+00:00,158,29.2,36.5,8163,2970,,,,,,,,-44.0,11.5,3.648,-187.1,-682.5,0,16,,30,7110
984,2026-07-22T17:01:24.657026+00:00,277,29.1,36.8,8223,2968,,,,,,,,-44.0,12.0,3.648,-186.4,-680.0,0,16,,30,7109
985,2026-07-22T17:02:01.737709+00:00,158,29.0,36.8,8258,2964,,,,,,,,-44.0,12.25,3.648,-188.3,-686.9,0,16,,30,7110
986,2026-07-22T17:02:38.831716+00:00,225,28.7,37.5,8259,2959,,,,,,,,-44.0,12.0,3.648,-186.6,-680.7,0,16,,30,7111
987,2026-07-22T17:03:15.920184+00:00,203,28.9,37.3,8260,2954,,,,,,,,-44.0,12.5,3.648,-186.6,-680.7,0,16,,30,7109
988,2026-07-22T17:03:53.002107+00:00,254,29.0,37.5,8286,2945,,,,,,,,-44.0,12.0,3.624,-334.7,-1213.0,0,16,,30,7110
989,2026-07-22T17:04:30.082099+00:00,138,28.8,37.3,8294,2930,,,,,,,,-46.0,11.5,3.648,-189.0,-689.5,0,16,,30,7109
990,2026-07-22T17:05:07.147191+00:00,204,28.9,37.5,8238,2904,,,,,,,,-44.0,12.25,3.628,-308.7,-1120.0,0,16,,30,7109
991,2026-07-22T17:05:44.019106+00:00,214,29.0,37.4,16181,5737,,,,,,,,-43.0,12.25,3.648,-188.4,-687.3,0,32,,30,6908
992,2026-07-22T17:06:20.894861+00:00,188,29.1,36.9,16032,5703,,,,,,,,-44.0,12.0,3.648,-187.0,-682.2,0,32,,30,6909
993,2026-07-22T17:06:57.764778+00:00,195,29.1,37.0,15872,5640,,,,,,,,-44.0,12.0,3.648,-185.5,-676.7,0,32,,30,6908
994,2026-07-22T17:07:34.658337+00:00,212,29.1,36.8,15840,5620,,,,,,,,-44.0,12.25,3.648,-187.2,-682.9,0,32,,30,6908
995,2026-07-22T17:08:11.562528+00:00,234,29.1,37.1,16076,5692,,,,,,,,-45.0,12.5,3.648,-189.8,-692.4,0,32,,30,6908
996,2026-07-22T17:08:48.642082+00:00,157,28.7,38.1,8384,2966,,,,,,,,-44.0,12.0,3.644,-186.1,-678.1,0,16,,30,7109
997,2026-07-22T17:09:25.738906+00:00,227,28.6,38.3,8684,3088,,,,,,,,-44.0,11.5,3.648,-188.4,-687.3,0,16,,30,7109
998,2026-07-22T17:10:02.829848+00:00,217,28.8,38.6,8880,3161,,,,,,,,-44.0,11.75,3.644,-189.4,-690.2,0,16,,30,7109
999,2026-07-22T17:10:39.889850+00:00,211,28.7,37.8,9019,3210,,,,,,,,-44.0,12.5,3.644,-185.8,-677.1,0,16,,30,7109
1000,2026-07-22T17:11:16.967730+00:00,206,28.8,37.8,8999,3204,,,,,,,,-43.0,12.0,3.644,-189.4,-690.2,0,16,,30,7110
1001,2026-07-22T17:11:54.049803+00:00,214,28.9,37.6,8872,3157,,,,,,,,-43.0,12.0,3.648,-186.3,-679.6,0,16,,30,7109
1002,2026-07-22T17:12:31.134167+00:00,212,28.8,37.8,8644,3073,,,,,,,,-44.0,12.75,3.648,-188.7,-688.4,0,16,,30,7110
1003,2026-07-22T17:13:08.228068+00:00,174,28.9,37.7,8376,2977,,,,,,,,-45.0,12.25,3.648,-185.0,-674.9,0,16,,30,7110
1004,2026-07-22T17:13:45.288627+00:00,218,28.5,38.3,8207,2914,,,,,,,,-44.0,12.5,3.62,-360.2,-1303.9,0,16,,30,7109
1005,2026-07-22T17:14:22.161326+00:00,216,28.6,38.4,16126,5726,,,,,,,,-42.0,12.75,3.648,-187.7,-684.7,0,32,,30,6907
1006,2026-07-22T17:14:59.039408+00:00,201,28.8,38.1,16091,5727,,,,,,,,-46.0,12.25,3.644,-186.8,-680.7,0,32,,30,6907
1007,2026-07-22T17:15:35.910254+00:00,177,28.5,38.7,16160,5766,,,,,,,,-46.0,12.5,3.644,-187.3,-682.5,0,32,,30,6908
1008,2026-07-22T17:16:12.970507+00:00,203,28.3,38.8,8193,2918,,,,,,,,-46.0,11.75,3.644,-187.2,-682.2,0,16,,30,7110
1009,2026-07-22T17:16:50.058058+00:00,212,28.2,39.4,8285,2948,,,,,,,,-47.0,12.25,3.644,-188.8,-688.0,0,16,,30,7108
1010,2026-07-22T17:17:27.123600+00:00,212,28.1,39.1,8365,2974,,,,,,,,-47.0,12.25,3.648,-185.1,-675.2,0,16,,30,7109
1011,2026-07-22T17:18:04.202130+00:00,194,27.8,39.8,8353,2972,,,,,,,,-49.0,12.5,3.644,-188.9,-688.4,0,16,,30,7111
1012,2026-07-22T17:18:41.284974+00:00,204,27.8,40.3,8306,2955,,,,,,,,-48.0,13.0,3.644,-187.4,-682.9,0,16,,30,7110
1013,2026-07-22T17:19:18.378362+00:00,190,27.8,39.9,8308,2965,,,,,,,,-46.0,12.5,3.644,-185.7,-676.7,0,16,,30,7110
1014,2026-07-22T17:19:55.482599+00:00,217,27.8,39.7,8298,2968,,,,,,,,-47.0,12.5,3.624,-352.7,-1278.2,0,16,,30,7110
1015,2026-07-22T17:20:32.558055+00:00,178,27.6,40.9,8277,2962,,,,,,,,-45.0,12.25,3.644,-188.6,-687.3,0,16,,30,7110
1016,2026-07-22T17:21:09.651567+00:00,227,27.6,40.2,8265,2961,,,,,,,,-44.0,12.0,3.628,-310.8,-1127.6,0,16,,30,7108
1017,2026-07-22T17:21:46.713703+00:00,278,27.2,40.4,8266,2963,,,,,,,,-43.0,12.0,3.644,-187.6,-683.6,0,16,,30,7110
1018,2026-07-22T17:22:23.794025+00:00,290,27.2,40.9,8335,2995,,,,,,,,-45.0,12.25,3.628,-302.9,-1098.9,0,16,,30,7109
1019,2026-07-22T17:23:00.877919+00:00,270,27.2,40.7,8417,3025,,,,,,,,-46.0,12.0,3.644,-184.7,-673.0,0,16,,30,7110
1020,2026-07-22T17:23:37.949551+00:00,249,27.3,40.8,8464,3040,,,,,,,,-45.0,12.0,3.648,-184.8,-674.2,0,16,,30,7109
1021,2026-07-22T17:24:15.033084+00:00,235,27.4,40.8,8464,3043,,,,,,,,-48.0,12.25,3.644,-188.5,-686.9,0,16,,30,7109
1022,2026-07-22T17:24:52.120368+00:00,283,27.3,40.7,8425,3029,,,,,,,,-45.0,12.5,3.644,-185.2,-674.9,0,16,,30,7109
1023,2026-07-22T17:25:29.191859+00:00,233,27.3,40.7,8413,3022,,,,,,,,-45.0,12.25,3.644,-184.6,-672.7,0,16,,30,7110
1024,2026-07-22T17:26:06.288416+00:00,234,27.1,41.0,8323,2988,,,,,,,,-45.0,12.0,3.644,-185.3,-675.2,0,16,,30,7110
1025,2026-07-22T17:26:43.371076+00:00,233,27.3,41.0,8219,2947,,,,,,,,-45.0,11.75,3.644,-188.4,-686.5,0,16,,30,7111
1026,2026-07-22T17:27:20.257279+00:00,184,27.0,41.7,16036,5756,,,,,,,,-46.0,12.0,3.644,-185.6,-676.3,0,32,,30,6909
1027,2026-07-22T17:32:35.798010+00:00,209,27.0,41.7,15239,6215,,,,,,,,-44.0,12.5,3.624,-304.5,-1103.5,0,32,,30,6908
1028,2026-07-22T17:33:12.689616+00:00,197,27.0,41.9,15052,6152,,,,,,,,-45.0,12.75,3.644,-187.7,-684.0,0,32,,30,6909
1029,2026-07-22T17:33:49.586793+00:00,245,27.0,41.6,15157,6146,,,,,,,,-45.0,12.5,3.616,-367.8,-1330.0,0,32,,30,6908
1030,2026-07-22T17:34:26.455137+00:00,175,27.2,41.9,15375,6232,,,,,,,,-45.0,12.75,3.64,-188.4,-685.8,0,32,,30,6912
1031,2026-07-22T17:35:03.324791+00:00,217,27.1,42.3,15726,6291,,,,,,,,-45.0,13.0,3.64,-187.8,-683.6,0,32,,30,6908
1032,2026-07-22T17:35:40.212140+00:00,195,27.1,41.8,16081,6382,,,,,,,,-45.0,12.75,3.64,-187.5,-682.5,0,32,,30,6907
1033,2026-07-22T17:40:57.361932+00:00,188,27.0,42.0,8358,3025,,,,,,,,-45.0,12.5,3.64,-187.4,-682.1,0,16,,30,7110
1034,2026-07-22T17:41:34.241771+00:00,212,27.1,42.2,15981,5721,,,,,,,,-44.0,13.0,3.64,-185.1,-673.8,0,32,,30,6908
1035,2026-07-22T17:42:11.123063+00:00,226,27.1,42.1,15417,5456,,,,,,,,-44.0,12.75,3.64,-184.7,-672.3,0,32,,30,6908
1036,2026-07-22T17:42:48.032378+00:00,194,27.0,42.0,14866,5237,,,,,,,,-44.0,12.75,3.644,-188.5,-686.9,0,32,,30,6911
1037,2026-07-22T17:43:24.902041+00:00,180,26.8,42.3,14454,5088,,,,,,,,-45.0,13.0,3.644,-185.6,-676.3,0,32,,30,6907
1038,2026-07-22T17:44:01.811115+00:00,240,26.6,42.7,14115,4957,,,,,,,,-45.0,12.5,3.624,-308.0,-1116.2,0,32,,30,6908
1039,2026-07-22T17:44:38.710780+00:00,214,26.7,43.0,13944,4880,,,,,,,,-44.0,13.0,3.64,-186.1,-677.4,0,32,,30,6908
1040,2026-07-22T17:45:15.600250+00:00,207,26.8,42.6,13810,4825,,,,,,,,-45.0,13.0,3.64,-188.6,-686.5,0,32,,30,6909
1041,2026-07-22T17:45:52.461571+00:00,185,26.8,42.6,13596,4713,,,,,,,,-45.0,12.75,3.64,-187.2,-681.4,0,32,,30,6908
1042,2026-07-22T17:46:29.364434+00:00,248,26.9,42.2,13348,4558,,,,,,,,-45.0,12.5,3.64,-186.4,-678.5,0,32,,30,6907
1043,2026-07-22T17:47:06.250944+00:00,237,26.8,42.5,13177,4490,,,,,,,,-45.0,12.5,3.64,-184.8,-672.7,0,32,,30,6908
1044,2026-07-22T17:47:43.139313+00:00,184,26.7,42.3,13042,4441,,,,,,,,-44.0,12.25,3.64,-184.2,-670.5,0,32,,30,6907
1045,2026-07-22T17:52:58.696827+00:00,225,26.0,44.0,12635,4006,,,,,,,,-44.0,12.25,3.64,-187.0,-680.7,0,32,,30,6907
1046,2026-07-22T17:53:35.581333+00:00,220,26.2,43.8,12608,3971,,,,,,,,-45.0,12.25,3.64,-184.3,-670.9,0,32,,30,6908
1047,2026-07-22T17:54:12.451201+00:00,190,26.1,43.8,12616,3951,,,,,,,,-45.0,12.25,3.64,-184.0,-669.8,0,32,,30,6908
1048,2026-07-22T17:54:49.324274+00:00,189,26.0,43.9,12625,3934,,,,,,,,-45.0,12.75,3.64,-186.0,-677.0,0,32,,30,6908
1049,2026-07-22T17:55:26.221892+00:00,240,26.0,43.9,12663,3944,,,,,,,,-45.0,12.5,3.636,-186.2,-677.0,0,32,,30,6909
1050,2026-07-22T17:56:03.085125+00:00,230,26.0,43.8,12699,3934,,,,,,,,-44.0,12.0,3.64,-187.5,-682.5,0,32,,30,6908
1051,2026-07-22T17:56:39.975401+00:00,210,26.1,43.8,12748,3961,,,,,,,,-46.0,12.75,3.624,-299.4,-1085.0,0,32,,30,6909
1052,2026-07-22T17:57:16.870147+00:00,210,26.1,43.9,12786,3983,,,,,,,,-45.0,12.5,3.636,-186.4,-677.8,0,32,,30,6908
1053,2026-07-22T17:57:53.754428+00:00,240,26.0,43.8,12748,3977,,,,,,,,-44.0,12.5,3.62,-322.2,-1166.4,0,32,,30,6908
1054,2026-07-22T17:58:30.636696+00:00,290,25.8,44.2,12595,3922,,,,,,,,-45.0,12.75,3.64,-185.9,-676.7,0,32,,30,6909
1055,2026-07-22T17:59:07.533775+00:00,197,25.8,44.6,12439,3878,,,,,,,,-44.0,12.5,3.64,-186.7,-679.6,0,32,,30,6908
1056,2026-07-22T17:59:44.408974+00:00,165,25.9,44.2,12378,3907,,,,,,,,-45.0,12.75,3.64,-186.7,-679.6,0,32,,30,6908
1057,2026-07-22T18:00:21.313256+00:00,209,25.9,43.9,12395,3990,,,,,,,,-45.0,12.25,3.64,-187.0,-680.7,0,32,,30,6910
1058,2026-07-22T18:00:58.199515+00:00,194,25.9,43.9,12512,4106,,,,,,,,-45.0,12.0,3.64,-186.0,-677.0,0,32,,30,6908
1059,2026-07-22T18:01:35.083017+00:00,236,25.9,44.2,12678,4232,,,,,,,,-45.0,11.75,3.64,-183.8,-669.0,0,32,,30,6909
1060,2026-07-22T18:02:11.986901+00:00,227,25.9,44.3,12969,4374,,,,,,,,-45.0,12.0,3.62,-299.0,-1082.4,0,32,,30,6908
1061,2026-07-22T18:02:48.870584+00:00,219,26.0,44.4,13317,4554,,,,,,,,-46.0,12.25,3.636,-186.1,-676.7,0,32,,30,6908
1062,2026-07-22T18:03:25.771093+00:00,227,25.9,44.1,13699,4732,,,,,,,,-45.0,12.0,3.616,-307.5,-1111.9,0,32,,30,6908
1063,2026-07-22T18:04:02.678432+00:00,227,25.9,44.3,14017,4882,,,,,,,,-45.0,12.5,3.64,-186.3,-678.1,0,32,,30,6909
1064,2026-07-22T18:04:39.563041+00:00,209,25.9,44.0,14276,4989,,,,,,,,-46.0,12.25,3.64,-187.7,-683.2,0,32,,30,6909
1065,2026-07-22T18:05:16.472166+00:00,197,26.0,44.2,14505,5091,,,,,,,,-47.0,13.0,3.636,-188.4,-685.0,0,32,,30,6908
1066,2026-07-22T18:05:53.364340+00:00,232,26.0,43.6,14819,5187,,,,,,,,-47.0,12.25,3.64,-186.3,-678.1,0,32,,30,6908
1067,2026-07-22T18:06:30.237199+00:00,209,25.7,44.3,15169,5374,,,,,,,,-47.0,12.25,3.64,-186.1,-677.4,0,32,,30,6908
1068,2026-07-22T18:07:07.128068+00:00,217,25.6,44.7,15388,5493,,,,,,,,-48.0,13.0,3.64,-186.9,-680.3,0,32,,30,6909
1069,2026-07-22T18:07:44.001375+00:00,214,25.7,44.5,15404,5539,,,,,,,,-47.0,12.5,3.636,-185.4,-674.1,0,32,,30,6908
1070,2026-07-22T18:08:20.891929+00:00,213,25.8,44.6,15349,5541,,,,,,,,-47.0,12.5,3.64,-183.7,-668.7,0,32,,30,6908
1071,2026-07-22T18:08:57.773437+00:00,216,25.8,44.1,15278,5559,,,,,,,,-47.0,12.25,3.62,-306.7,-1110.3,0,32,,30,6909
1072,2026-07-22T18:09:34.657813+00:00,228,25.8,44.3,15190,5536,,,,,,,,-47.0,12.5,3.636,-184.0,-669.0,0,32,,30,6907
1073,2026-07-22T18:10:11.538977+00:00,207,25.9,44.2,15085,5488,,,,,,,,-47.0,12.5,3.604,-409.6,-1476.2,0,32,,30,6909
1074,2026-07-22T18:10:48.442273+00:00,182,25.9,44.0,14991,5428,,,,,,,,-47.0,12.25,3.64,-185.7,-675.9,0,32,,30,6909
1075,2026-07-22T18:11:25.351193+00:00,208,25.8,44.2,14865,5370,,,,,,,,-47.0,13.25,3.64,-186.0,-677.0,0,32,,30,6907
1076,2026-07-22T18:12:02.227264+00:00,173,25.9,44.2,14747,5314,,,,,,,,-45.0,12.5,3.636,-187.7,-682.5,0,32,,30,6908
1077,2026-07-22T18:12:39.113978+00:00,186,25.9,44.2,14595,5273,,,,,,,,-44.0,12.5,3.64,-185.3,-674.5,0,32,,30,6908
1078,2026-07-22T18:13:16.007351+00:00,213,25.9,44.3,14392,5245,,,,,,,,-45.0,12.5,3.64,-187.9,-684.0,0,32,,30,6908
1079,2026-07-22T18:13:52.902957+00:00,193,25.9,44.3,14104,5245,,,,,,,,-46.0,12.0,3.636,-184.1,-669.4,0,32,,30,6909
1080,2026-07-22T18:14:29.789037+00:00,226,25.9,44.5,13744,5198,,,,,,,,-46.0,12.0,3.62,-301.3,-1090.7,0,32,,30,6908
1081,2026-07-22T18:15:06.688105+00:00,206,26.1,44.8,13296,5088,,,,,,,,-46.0,12.75,3.636,-188.2,-684.3,0,32,,30,6907
1082,2026-07-22T18:15:43.589349+00:00,188,26.2,44.5,12775,4934,,,,,,,,-45.0,12.0,3.616,-339.1,-1226.2,0,32,,30,6909
1083,2026-07-22T18:16:20.457467+00:00,186,26.3,43.8,12260,4769,,,,,,,,-45.0,12.5,3.64,-185.5,-675.2,0,32,,30,6909
1084,2026-07-22T18:16:57.345181+00:00,193,26.2,43.6,11823,4620,,,,,,,,-44.0,12.0,3.636,-186.5,-678.1,0,32,,30,6907
1085,2026-07-22T18:17:34.227504+00:00,136,26.1,43.9,11490,4496,,,,,,,,-44.0,12.0,3.64,-185.7,-675.9,0,32,,30,6908
